pressure dependence,,reaction_id
press_indep,0,[H][H]_m1.[O]_m3>>[H]_m2.[OH]_m2
press_indep,1,[H][H]_m1.[OH]_m2>>[H]_m2.O_m1
press_indep,2,[O][O]_m3.[H]_m2>>[O]_m3.[OH]_m2
press_indep,3,[O]_m3.O_m1>>[OH]_m2.[OH]_m2
press_indep,4,OO_m1.[H]_m2>>O_m1.[OH]_m2
press_indep,5,OO_m1.[H]_m2>>[H][H]_m1.O[O]_m2
press_indep,6,OO_m1.[O]_m3>>[OH]_m2.O[O]_m2
press_indep,7,OO_m1.[OH]_m2>>O_m1.O[O]_m2
press_indep,8,OO_m1.[OH]_m2>>O_m1.O[O]_m2
press_indep,9,O[O]_m2.[H]_m2>>[OH]_m2.[OH]_m2
press_indep,10,O[O]_m2.[H]_m2>>[H][H]_m1.[O][O]_m3
press_indep,11,O[O]_m2.[O]_m3>>[OH]_m2.[O][O]_m3
press_indep,12,[OH]_m2.O[O]_m2>>O_m1.[O][O]_m3
press_indep,13,[OH]_m2.O[O]_m2>>O_m1.[O][O]_m3
press_indep,14,O[O]_m2.O[O]_m2>>OO_m1.[O][O]_m3
press_indep,15,O[O]_m2.O[O]_m2>>OO_m1.[O][O]_m3
press_indep,16,[C]=O_m3.[OH]_m2>>O=C=O_m1.[H]_m2
press_indep,17,[C]=O_m3.[OH]_m2>>O=C=O_m1.[H]_m2
press_indep,18,[C]=O_m3.O[O]_m2>>O=C=O_m1.[OH]_m2
press_indep,19,[C]=O_m3.[O][O]_m3>>O=C=O_m1.[O]_m3
press_indep,20,[H]_m2.O=C=O_m1>>[O]C=O_m2
press_indep,21,O[C]=O_m2>>[C]=O_m3.[OH]_m2
press_indep,22,O[C]=O_m2>>O=C=O_m1.[H]_m2
press_indep,23,C_m1.[H]_m2>>[CH3]_m2.[H][H]_m1
press_indep,24,C_m1.[O]_m3>>[CH3]_m2.[OH]_m2
press_indep,25,C_m1.[OH]_m2>>[CH3]_m2.O_m1
press_indep,26,C_m1.O[O]_m2>>[CH3]_m2.OO_m1
press_indep,27,C_m1.CO[O]_m2>>[CH3]_m2.COO_m1
press_indep,28,[CH3]_m2.O[O]_m2>>C_m1.[O][O]_m3
press_indep,29,C_m1.[CH2]_m3>>[CH3]_m2.[CH3]_m2
press_indep,30,[CH2]_m1.N#N_m1>>[CH2]_m3.N#N_m1
press_indep,31,[CH2]_m1.[Ar]_m1>>[CH2]_m3.[Ar]_m1
press_indep,32,[CH2]_m1.O_m1>>[CH2]_m3.O_m1
press_indep,33,[CH2]_m1.[C]=O_m3>>[CH2]_m3.[C]=O_m3
press_indep,34,[CH2]_m1.O=C=O_m1>>[CH2]_m3.O=C=O_m1
press_indep,35,[CH2]_m1.[O][O]_m3>>[H]_m2.[OH]_m2.[C]=O_m3
press_indep,36,[CH2]_m1.[O][O]_m3>>[C]=O_m3.O_m1
press_indep,37,[CH2]_m1.[O]_m3>>[C]=O_m3.[H][H]_m1
press_indep,38,[CH2]_m1.[O]_m3>>[CH]=O_m2.[H]_m2
press_indep,39,[CH2]_m1.[H][H]_m1>>[CH3]_m2.[H]_m2
press_indep,40,[CH2]_m1.[H]_m2>>[CH]_m4.[H][H]_m1
press_indep,41,[CH2]_m1.[OH]_m2>>C=O_m1.[H]_m2
press_indep,42,[CH2]_m1.O=C=O_m1>>C=O_m1.[C]=O_m3
press_indep,43,[CH2]_m3.[O][O]_m3>>[CH]=O_m2.[OH]_m2
press_indep,44,[CH2]_m3.[O][O]_m3>>O=C=O_m1.[H]_m2.[H]_m2
press_indep,45,[CH2]_m3.[O]_m3>>[C]=O_m3.[H]_m2.[H]_m2
press_indep,46,[CH2]_m3.[H]_m2>>[CH]_m4.[H][H]_m1
press_indep,47,[CH2]_m3.[OH]_m2>>[CH]_m4.O_m1
press_indep,48,[CH]_m4.[O][O]_m3>>[CH]=O_m2.[O]_m3
press_indep,49,[CH]_m4.[O]_m3>>[C]=O_m3.[H]_m2
press_indep,50,[CH]_m4.[H]_m2>>[C]_m5.[H][H]_m1
press_indep,51,[CH]_m4.[OH]_m2>>[CH]=O_m2.[H]_m2
press_indep,52,[CH]_m4.O_m1>>[H]_m2.C=O_m1
press_indep,53,[CH]_m4.O=C=O_m1>>[CH]=O_m2.[C]=O_m3
press_indep,54,[C]_m5.[OH]_m2>>[C]=O_m3.[H]_m2
press_indep,55,[C]_m5.[O][O]_m3>>[C]=O_m3.[O]_m3
press_indep,56,[CH3]_m2.[O][O]_m3>>C[O]_m2.[O]_m3
press_indep,57,[CH3]_m2.[O][O]_m3>>C=O_m1.[OH]_m2
press_indep,58,[CH3]_m2.[O]_m3>>C=O_m1.[H]_m2
press_indep,59,[CH3]_m2.[OH]_m2>>[CH2]_m1.O_m1
press_indep,60,[CH3]_m2.[OH]_m2>>C=O_m1.[H][H]_m1
press_indep,61,[CH3]_m2.[OH]_m2>>[CH2]O_m2.[H]_m2
press_indep,62,[CH3]_m2.[OH]_m2>>[H]_m2.C[O]_m2
press_indep,63,[CH3]_m2.[OH]_m2>>[CH]O_m3.[H][H]_m1
press_indep,64,[CH3]_m2.[OH]_m2>>[CH2]_m3.O_m1
press_indep,65,[CH3]_m2.O[O]_m2>>C[O]_m2.[OH]_m2
press_indep,66,CO[O]_m2.[O]_m3>>C[O]_m2.[O][O]_m3
press_indep,67,CO[O]_m2.[H]_m2>>C[O]_m2.[OH]_m2
press_indep,68,CO[O]_m2.[OH]_m2>>CO_m1.[O][O]_m3
press_indep,69,CO[O]_m2.O[O]_m2>>COO_m1.[O][O]_m3
press_indep,70,CO[O]_m2.OO_m1>>COO_m1.O[O]_m2
press_indep,71,CO[O]_m2.[CH3]_m2>>C[O]_m2.C[O]_m2
press_indep,72,CO[O]_m2.CO[O]_m2>>C=O_m1.CO_m1.[O][O]_m3
press_indep,73,CO[O]_m2.CO[O]_m2>>[O][O]_m3.C[O]_m2.C[O]_m2
press_indep,74,[H][H]_m1.CO[O]_m2>>[H]_m2.COO_m1
press_indep,75,COO_m1>>C[O]_m2.[OH]_m2
press_indep,76,[CH2]OO_m2>>C=O_m1.[OH]_m2
press_indep,77,CO_m1.[H]_m2>>C[O]_m2.[H][H]_m1
press_indep,78,CO_m1.[H]_m2>>[CH2]O_m2.[H][H]_m1
press_indep,79,CO_m1.[O]_m3>>C[O]_m2.[OH]_m2
press_indep,80,CO_m1.[O]_m3>>[CH2]O_m2.[OH]_m2
press_indep,81,CO_m1.[OH]_m2>>C[O]_m2.O_m1
press_indep,82,CO_m1.[OH]_m2>>[CH2]O_m2.O_m1
press_indep,83,CO_m1.[O][O]_m3>>C[O]_m2.O[O]_m2
press_indep,84,CO_m1.[O][O]_m3>>[CH2]O_m2.O[O]_m2
press_indep,85,CO_m1.O[O]_m2>>C[O]_m2.OO_m1
press_indep,86,CO_m1.O[O]_m2>>[CH2]O_m2.OO_m1
press_indep,87,CO_m1.[CH3]_m2>>[CH2]O_m2.C_m1
press_indep,88,CO_m1.[CH3]_m2>>C[O]_m2.C_m1
press_indep,89,CO_m1.[CH]=O_m2>>[CH2]O_m2.C=O_m1
press_indep,90,CO_m1.C[O]_m2>>[CH2]O_m2.CO_m1
press_indep,91,CO_m1.CO[O]_m2>>[CH2]O_m2.COO_m1
press_indep,92,[CH2]O_m2.[O][O]_m3>>C=O_m1.O[O]_m2
press_indep,93,[CH2]O_m2.[O][O]_m3>>C=O_m1.O[O]_m2
press_indep,94,[CH2]O_m2.[H]_m2>>C=O_m1.[H][H]_m1
press_indep,95,[CH2]O_m2.O[O]_m2>>C=O_m1.OO_m1
press_indep,96,[CH2]O_m2.[CH]=O_m2>>C=O_m1.C=O_m1
press_indep,97,[CH2]O_m2.[CH]=O_m2>>CO_m1.[C]=O_m3
press_indep,98,[CH2]O_m2.C[O]_m2>>C=O_m1.CO_m1
press_indep,99,[CH2]O_m2.[OH]_m2>>O_m1.C=O_m1
press_indep,100,[CH2]O_m2.[O]_m3>>[OH]_m2.C=O_m1
press_indep,101,[CH2]O_m2.[CH2]O_m2>>C=O_m1.CO_m1
press_indep,102,[CH2]O_m2.O[O]_m2>>OC[O]_m2.[OH]_m2
press_indep,103,C[O]_m2.[O][O]_m3>>C=O_m1.O[O]_m2
press_indep,104,C[O]_m2.[H]_m2>>C=O_m1.[H][H]_m1
press_indep,105,C[O]_m2.O[O]_m2>>C=O_m1.OO_m1
press_indep,106,C[O]_m2.[CH3]_m2>>C=O_m1.C_m1
press_indep,107,C[O]_m2.C[O]_m2>>CO_m1.C=O_m1
press_indep,108,[CH]O_m3.[O][O]_m3>>O=C=O_m1.[H]_m2.[OH]_m2
press_indep,109,[CH]O_m3.[O][O]_m3>>O=C=O_m1.O_m1
press_indep,110,[CH]O_m3.[O]_m3>>O=C=O_m1.[H]_m2.[H]_m2
press_indep,111,[CH]O_m3.[O]_m3>>[C]=O_m3.[OH]_m2.[H]_m2
press_indep,112,[CH]O_m3.[H]_m2>>C=O_m1.[H]_m2
press_indep,113,[CH]O_m3.[OH]_m2>>[CH]=O_m2.O_m1
press_indep,114,C=O_m1.[O][O]_m3>>[CH]=O_m2.O[O]_m2
press_indep,115,C=O_m1.[O]_m3>>[CH]=O_m2.[OH]_m2
press_indep,116,C=O_m1.[H]_m2>>[CH]=O_m2.[H][H]_m1
press_indep,117,C=O_m1.[OH]_m2>>[CH]=O_m2.O_m1
press_indep,118,C=O_m1.O[O]_m2>>[CH]=O_m2.OO_m1
press_indep,119,C=O_m1.[CH3]_m2>>[CH]=O_m2.C_m1
press_indep,120,C=O_m1.[O]OC=O_m2>>[CH]=O_m2.OOC=O_m1
press_indep,121,C=O_m1.[O]C=O_m2>>[CH]=O_m2.OC=O_m1
press_indep,122,C=O_m1.C[O]_m2>>[CH]=O_m2.CO_m1
press_indep,123,C=O_m1.CO[O]_m2>>[CH]=O_m2.COO_m1
press_indep,124,[CH]=O_m2.[O][O]_m3>>[C]=O_m3.O[O]_m2
press_indep,125,[CH]=O_m2.[O]_m3>>[C]=O_m3.[OH]_m2
press_indep,126,[CH]=O_m2.[H]_m2>>[C]=O_m3.[H][H]_m1
press_indep,127,[CH]=O_m2.[OH]_m2>>[C]=O_m3.O_m1
press_indep,128,[CH]=O_m2.[CH3]_m2>>C_m1.[C]=O_m3
press_indep,129,[CH]=O_m2.[CH]=O_m2>>C=O_m1.[C]=O_m3
press_indep,130,[CH]=O_m2.[O]_m3>>O=C=O_m1.[H]_m2
press_indep,131,[CH]=O_m2.O[O]_m2>>O=C=O_m1.[H]_m2.[OH]_m2
press_indep,132,[CH]=O_m2.[CH]=O_m2>>[H][H]_m1.[C]=O_m3.[C]=O_m3
press_indep,133,C=O_m1.[OH]_m2>>OC[O]_m2
press_indep,134,OC[O]_m2>>OC=O_m1.[H]_m2
press_indep,135,C=O_m1.O[O]_m2>>OOC[O]_m2
press_indep,136,OOC[O]_m2>>[O]OCO_m2
press_indep,137,[O]OCO_m2.O[O]_m2>>OOCO_m1.[O][O]_m3
press_indep,138,OC[O]_m2.[OH]_m2>>OOCO_m1
press_indep,139,[CH]=O_m2.[O][O]_m3>>[O]OC=O_m2
press_indep,140,OC=O_m1>>[C]=O_m3.O_m1
press_indep,141,OC=O_m1>>O=C=O_m1.[H][H]_m1
press_indep,142,[O]C=O_m2.O[O]_m2>>OC=O_m1.[O][O]_m3
press_indep,143,[O]C=O_m2.OO_m1>>OC=O_m1.O[O]_m2
press_indep,144,OC=O_m1.[H]_m2>>[H][H]_m1.O=C=O_m1.[H]_m2
press_indep,145,OC=O_m1.[H]_m2>>[H][H]_m1.[C]=O_m3.[OH]_m2
press_indep,146,OC=O_m1.[O]_m3>>[C]=O_m3.[OH]_m2.[OH]_m2
press_indep,147,OC=O_m1.[OH]_m2>>O_m1.O=C=O_m1.[H]_m2
press_indep,148,OC=O_m1.[OH]_m2>>O_m1.[C]=O_m3.[OH]_m2
press_indep,149,OC=O_m1.[CH3]_m2>>C_m1.[C]=O_m3.[OH]_m2
press_indep,150,OC=O_m1.O[O]_m2>>OO_m1.[C]=O_m3.[OH]_m2
press_indep,151,[O]C=O_m2.[OH]_m2>>OOC=O_m1
press_indep,152,CC_m1.[O][O]_m3>>C[CH2]_m2.O[O]_m2
press_indep,153,CC_m1.[O]_m3>>C[CH2]_m2.[OH]_m2
press_indep,154,CC_m1.[H]_m2>>C[CH2]_m2.[H][H]_m1
press_indep,155,CC_m1.[OH]_m2>>C[CH2]_m2.O_m1
press_indep,156,CC_m1.O[O]_m2>>C[CH2]_m2.OO_m1
press_indep,157,CC_m1.[CH]_m4>>C[CH2]_m2.[CH2]_m3
press_indep,158,CC_m1.[CH2]_m1>>C[CH2]_m2.[CH3]_m2
press_indep,159,CC_m1.[CH3]_m2>>C[CH2]_m2.C_m1
press_indep,160,CC_m1.C[O]_m2>>C[CH2]_m2.CO_m1
press_indep,161,CC_m1.CO[O]_m2>>C[CH2]_m2.COO_m1
press_indep,162,CC_m1.CCO[O]_m2>>C[CH2]_m2.CCOO_m1
press_indep,163,C[CH2]_m2.[H]_m2>>C=C_m1.[H][H]_m1
press_indep,164,C=C_m1.C=C_m1>>C[CH2]_m2.C=[CH]_m2
press_indep,165,C[CH2]_m2.[CH3]_m2>>C_m1.C=C_m1
press_indep,166,C[CH2]_m2.[O]_m3>>CC=O_m1.[H]_m2
press_indep,167,C[CH2]_m2.O[O]_m2>>CC[O]_m2.[OH]_m2
press_indep,168,C[CH2]_m2.CO[O]_m2>>CC[O]_m2.C[O]_m2
press_indep,169,[CH3]_m2.[CH3]_m2>>[H]_m2.C[CH2]_m2
press_indep,170,C[CH2]_m2.[O][O]_m3>>CCO[O]_m2
press_indep,171,C[CH2]_m2.[O][O]_m3>>[CH2]COO_m2
press_indep,172,C[CH2]_m2.[O][O]_m3>>C=C_m1.O[O]_m2
press_indep,173,C[CH2]_m2.[O][O]_m3>>O1CC1_m1.[OH]_m2
press_indep,174,C[CH2]_m2.[O][O]_m3>>CC=O_m1.[OH]_m2
press_indep,175,[CH2]COO_m2>>CCO[O]_m2
press_indep,176,CCO[O]_m2>>CC=O_m1.[OH]_m2
press_indep,177,CCO[O]_m2>>C=C_m1.O[O]_m2
press_indep,178,CCO[O]_m2>>O1CC1_m1.[OH]_m2
press_indep,179,[CH2]COO_m2>>O1CC1_m1.[OH]_m2
press_indep,180,[CH2]COO_m2>>C=C_m1.O[O]_m2
press_indep,181,[CH2]COO_m2>>CC=O_m1.[OH]_m2
press_indep,182,[H][H]_m1.CCO[O]_m2>>[H]_m2.CCOO_m1
press_indep,183,CCO[O]_m2.O[O]_m2>>CCOO_m1.[O][O]_m3
press_indep,184,CCO[O]_m2.C=O_m1>>CCOO_m1.[CH]=O_m2
press_indep,185,CCO[O]_m2.C_m1>>CCOO_m1.[CH3]_m2
press_indep,186,CCO[O]_m2.CO_m1>>CCOO_m1.[CH2]O_m2
press_indep,187,CCOO_m1>>CC[O]_m2.[OH]_m2
press_indep,188,O1CC1_m1>>[CH3]_m2.[CH]=O_m2
press_indep,189,O1CC1_m1>>CC=O_m1
press_indep,190,O1CC1_m1.[H]_m2>>O1[CH]C1_m2.[H][H]_m1
press_indep,191,O1CC1_m1.[OH]_m2>>O1[CH]C1_m2.O_m1
press_indep,192,O1CC1_m1.O[O]_m2>>O1[CH]C1_m2.OO_m1
press_indep,193,O1CC1_m1.[CH3]_m2>>O1[CH]C1_m2.C_m1
press_indep,194,O1CC1_m1.C[O]_m2>>O1[CH]C1_m2.CO_m1
press_indep,195,O1CC1_m1.CO[O]_m2>>O1[CH]C1_m2.COO_m1
press_indep,196,O1CC1_m1.CCO[O]_m2>>O1[CH]C1_m2.CCOO_m1
press_indep,197,O1[CH]C1_m2>>C[C]=O_m2
press_indep,198,O1[CH]C1_m2>>[CH2]C=O_m2
press_indep,199,C=C_m1.[O][O]_m3>>C=[CH]_m2.O[O]_m2
press_indep,200,C=C_m1.[H]_m2>>C=[CH]_m2.[H][H]_m1
press_indep,201,C=C_m1.[OH]_m2>>C=[CH]_m2.O_m1
press_indep,202,C=C_m1.C[O]_m2>>C=[CH]_m2.CO_m1
press_indep,203,C=C_m1.CO[O]_m2>>C=[CH]_m2.COO_m1
press_indep,204,C=C_m1.CCO[O]_m2>>C=[CH]_m2.CCOO_m1
press_indep,205,C=C_m1.CC(=O)O[O]_m2>>C=[CH]_m2.CC(=O)OO_m1
press_indep,206,C=C_m1.[CH3]_m2>>C=[CH]_m2.C_m1
press_indep,207,C=C_m1.[CH3]_m2>>C=[CH]_m2.C_m1
press_indep,208,C=C_m1.[O]_m3>>[CH3]_m2.[CH]=O_m2
press_indep,209,C=C_m1.[O]_m3>>[CH2]C=O_m2.[H]_m2
press_indep,210,[CH]_m4.C_m1>>C=C_m1.[H]_m2
press_indep,211,[CH2]_m1.[CH3]_m2>>C=C_m1.[H]_m2
press_indep,212,C=C_m1.[OH]_m2>>[CH3]_m2.C=O_m1
press_indep,213,C=C_m1.[OH]_m2>>CC=O_m1.[H]_m2
press_indep,214,C=C_m1.[OH]_m2>>OC=C_m1.[H]_m2
press_indep,215,C=C_m1.[OH]_m2>>[CH2]CO_m2
press_indep,216,C=C_m1.O[O]_m2>>O1CC1_m1.[OH]_m2
press_indep,217,C=C_m1.CO[O]_m2>>O1CC1_m1.C[O]_m2
press_indep,218,C=C_m1.CCO[O]_m2>>O1CC1_m1.CC[O]_m2
press_indep,219,C=[CH]_m2.[O][O]_m3>>[O]OC=C_m2
press_indep,220,C=[CH]_m2.[O][O]_m3>>[O]OC=C_m2
press_indep,221,C=[CH]_m2.[O][O]_m3>>[CH]CO_m3.[OH]_m2
press_indep,222,C=[CH]_m2.[O][O]_m3>>[CH]CO_m3.[OH]_m2
press_indep,223,C=[CH]_m2.[O][O]_m3>>[CH2]C=O_m2.[O]_m3
press_indep,224,C=[CH]_m2.[O][O]_m3>>[CH2]C=O_m2.[O]_m3
press_indep,225,C=[CH]_m2.[O][O]_m3>>C#C_m1.O[O]_m2
press_indep,226,C=[CH]_m2.[O][O]_m3>>C#C_m1.O[O]_m2
press_indep,227,C=[CH]_m2.[O][O]_m3>>O=CC=O_m1.[H]_m2
press_indep,228,C=[CH]_m2.[O][O]_m3>>O=CC=O_m1.[H]_m2
press_indep,229,C=[CH]_m2.[O][O]_m3>>C=C=O_m1.[OH]_m2
press_indep,230,C=[CH]_m2.[O][O]_m3>>C=C=O_m1.[OH]_m2
press_indep,231,C=[CH]_m2.[O][O]_m3>>C=O_m1.[CH]=O_m2
press_indep,232,C=[CH]_m2.[O][O]_m3>>C=O_m1.[CH]=O_m2
press_indep,233,C=[CH]_m2.[O][O]_m3>>C=O_m1.[H]_m2.[C]=O_m3
press_indep,234,C=[CH]_m2.[O][O]_m3>>C=O_m1.[H]_m2.[C]=O_m3
press_indep,235,C=[CH]_m2.[O][O]_m3>>[C]=O_m3.C[O]_m2
press_indep,236,C=[CH]_m2.[O][O]_m3>>[C]=O_m3.C[O]_m2
press_indep,237,C=[CH]_m2.[O][O]_m3>>O=C=O_m1.[CH3]_m2
press_indep,238,C=[CH]_m2.[O][O]_m3>>O=C=O_m1.[CH3]_m2
press_indep,239,[O]OC=C_m2>>[CH]CO_m3.[OH]_m2
press_indep,240,[O]OC=C_m2>>[CH]CO_m3.[OH]_m2
press_indep,241,[O]OC=C_m2>>[CH2]C=O_m2.[O]_m3
press_indep,242,[O]OC=C_m2>>[CH2]C=O_m2.[O]_m3
press_indep,243,[O]OC=C_m2>>O=CC=O_m1.[H]_m2
press_indep,244,[O]OC=C_m2>>O=CC=O_m1.[H]_m2
press_indep,245,[O]OC=C_m2>>C=C=O_m1.[OH]_m2
press_indep,246,[O]OC=C_m2>>C=C=O_m1.[OH]_m2
press_indep,247,[O]OC=C_m2>>C=O_m1.[CH]=O_m2
press_indep,248,[O]OC=C_m2>>C=O_m1.[CH]=O_m2
press_indep,249,[O]OC=C_m2>>C=O_m1.[H]_m2.[C]=O_m3
press_indep,250,[O]OC=C_m2>>C=O_m1.[H]_m2.[C]=O_m3
press_indep,251,[O]OC=C_m2>>[C]=O_m3.C[O]_m2
press_indep,252,[O]OC=C_m2>>[C]=O_m3.C[O]_m2
press_indep,253,O=CC=O_m1.[OH]_m2>>[CH]=O_m2.[C]=O_m3.O_m1
press_indep,254,C=[CH]_m2.[H]_m2>>C#C_m1.[H][H]_m1
press_indep,255,C=[CH]_m2.[H]_m2>>C=[C]_m3.[H][H]_m1
press_indep,256,C=[CH]_m2.[OH]_m2>>C#C_m1.O_m1
press_indep,257,C=[CH]_m2.[CH3]_m2>>C_m1.C#C_m1
press_indep,258,C=[CH]_m2.C=[CH]_m2>>C#C_m1.C=C_m1
press_indep,259,C#C_m1.[O]_m3>>[CH2]_m3.[C]=O_m3
press_indep,260,C#C_m1.[O]_m3>>[CH]=C=O_m2.[H]_m2
press_indep,261,C#C_m1.O[O]_m2>>C=C=O_m1.[OH]_m2
press_indep,262,C#C_m1.[CH]=O_m2>>C=[CH]_m2.[C]=O_m3
press_indep,263,C#C_m1.[CH2]_m3>>[CH2]C#C_m2.[H]_m2
press_indep,264,C#C_m1.[CH2]_m1>>[CH2]C#C_m2.[H]_m2
press_indep,265,C#C_m1.[CH]=C=O_m2>>[CH2]C#C_m2.[C]=O_m3
press_indep,266,C=[C]_m3.[H]_m2>>C#C_m1.[H]_m2
press_indep,267,C=[C]_m3.[OH]_m2>>C=C=O_m1.[H]_m2
press_indep,268,C=[C]_m3.[O][O]_m3>>[CH]=O_m2.[CH]=O_m2
press_indep,269,C#C_m1.[OH]_m2>>C#[C]_m2.O_m1
press_indep,270,C#C_m1.[OH]_m2>>OC#C_m1.[H]_m2
press_indep,271,C#C_m1.[OH]_m2>>C=C=O_m1.[H]_m2
press_indep,272,C#C_m1.[OH]_m2>>[CH3]_m2.[C]=O_m3
press_indep,273,C#C_m1.[OH]_m2>>OC=[CH]_m2
press_indep,274,[H]_m2.OC#C_m1>>[H]_m2.C=C=O_m1
press_indep,275,C#[C]_m2.[O][O]_m3>>[CH]=O_m2.[C]=O_m3
press_indep,276,C#[C]_m2.[O]_m3>>[C]=O_m3.[CH]_m4
press_indep,277,C#[C]_m2.[H][H]_m1>>[H]_m2.C#C_m1
press_indep,278,C#[C]_m2.[OH]_m2>>[H]_m2.[CH]=C=O_m2
press_indep,279,CC=O_m1.[O][O]_m3>>C[C]=O_m2.O[O]_m2
press_indep,280,CC=O_m1.[O]_m3>>C[C]=O_m2.[OH]_m2
press_indep,281,CC=O_m1.[H]_m2>>C[C]=O_m2.[H][H]_m1
press_indep,282,CC=O_m1.[OH]_m2>>C[C]=O_m2.O_m1
press_indep,283,CC=O_m1.O[O]_m2>>C[C]=O_m2.OO_m1
press_indep,284,CC=O_m1.[CH3]_m2>>C[C]=O_m2.C_m1
press_indep,285,CC=O_m1.CO[O]_m2>>C[C]=O_m2.COO_m1
press_indep,286,CC=O_m1.CC(=O)O[O]_m2>>C[C]=O_m2.CC(=O)OO_m1
press_indep,287,CC=O_m1.[H]_m2>>[CH2]C=O_m2.[H][H]_m1
press_indep,288,CC=O_m1.[OH]_m2>>[CH2]C=O_m2.O_m1
press_indep,289,CC=O_m1.[OH]_m2>>[CH3]_m2.OC=O_m1
press_indep,290,C[C]=O_m2.[H]_m2>>C=C=O_m1.[H][H]_m1
press_indep,291,C[C]=O_m2.[O]_m3>>C=C=O_m1.[OH]_m2
press_indep,292,C[C]=O_m2.[CH3]_m2>>C=C=O_m1.C_m1
press_indep,293,C[C]=O_m2.[O][O]_m3>>CC(=O)O[O]_m2
press_indep,294,CC(=O)O[O]_m2.O[O]_m2>>CC(=O)OO_m1.[O][O]_m3
press_indep,295,OO_m1.CC(=O)O[O]_m2>>O[O]_m2.CC(=O)OO_m1
press_indep,296,C_m1.CC(=O)O[O]_m2>>[CH3]_m2.CC(=O)OO_m1
press_indep,297,OC=C_m1>>CC=O_m1
press_indep,298,OC=C_m1.[O][O]_m3>>[CH2]C=O_m2.O[O]_m2
press_indep,299,OC=C_m1.[O]_m3>>[CH2]C=O_m2.[OH]_m2
press_indep,300,OC=C_m1.[H]_m2>>[CH2]C=O_m2.[H][H]_m1
press_indep,301,OC=C_m1.[OH]_m2>>[CH2]C=O_m2.O_m1
press_indep,302,OC=C_m1.[CH3]_m2>>[CH2]C=O_m2.C_m1
press_indep,303,OC=C_m1.CO[O]_m2>>[CH2]C=O_m2.COO_m1
press_indep,304,OC=C_m1.[H]_m2>>OC=[CH]_m2.[H][H]_m1
press_indep,305,OC=C_m1.[H]_m2>>[CH2]CO_m2
press_indep,306,OC=C_m1.O[O]_m2>>CC=O_m1.O[O]_m2
press_indep,307,CC(=O)OO_m1>>CC(=O)[O]_m2.[OH]_m2
press_indep,308,CC(=O)O[O]_m2.C=O_m1>>CC(=O)OO_m1.[CH]=O_m2
press_indep,309,CC(=O)O[O]_m2.CC_m1>>CC(=O)OO_m1.C[CH2]_m2
press_indep,310,[CH2]C=O_m2.[O][O]_m3>>[O]OCC=O_m2
press_indep,311,[CH2]C=O_m2.[O][O]_m3>>C=C=O_m1.O[O]_m2
press_indep,312,[CH2]C=O_m2.[O][O]_m3>>C=O_m1.[C]=O_m3.[OH]_m2
press_indep,313,[CH2]C=O_m2.[O][O]_m3>>OOC[C]=O_m2
press_indep,314,[O]OCC=O_m2>>OOC[C]=O_m2
press_indep,315,[O]OCC=O_m2>>C=C=O_m1.O[O]_m2
press_indep,316,OOC[C]=O_m2>>[C]=O_m3.C=O_m1.[OH]_m2
press_indep,317,OOC[C]=O_m2>>C=C=O_m1.O[O]_m2
press_indep,318,C=C=O_m1.[H]_m2>>[CH]=C=O_m2.[H][H]_m1
press_indep,319,C=C=O_m1.[O]_m3>>[CH]=C=O_m2.[OH]_m2
press_indep,320,C=C=O_m1.[OH]_m2>>[CH]=C=O_m2.O_m1
press_indep,321,C=C=O_m1.[H]_m2>>[CH3]_m2.[C]=O_m3
press_indep,322,[CH]_m4.C=O_m1>>[H]_m2.C=C=O_m1
press_indep,323,C=C=O_m1.[O]_m3>>[CH2]_m3.O=C=O_m1
press_indep,324,C=C=O_m1.[OH]_m2>>[CH2]O_m2.[C]=O_m3
press_indep,325,C=C=O_m1.[CH2]_m1>>C=C_m1.[C]=O_m3
press_indep,326,C=C=O_m1.[CH3]_m2>>C[CH2]_m2.[C]=O_m3
press_indep,327,[CH]=C=O_m2.[OH]_m2>>[H][H]_m1.[C]=O_m3.[C]=O_m3
press_indep,328,[CH]=C=O_m2.[O]_m3>>[H]_m2.[C]=O_m3.[C]=O_m3
press_indep,329,[CH]=C=O_m2.[H]_m2>>[CH2]_m1.[C]=O_m3
press_indep,330,[CH]=C=O_m2.[O][O]_m3>>[OH]_m2.[C]=O_m3.[C]=O_m3
press_indep,331,[CH]=C=O_m2.[O][O]_m3>>O=C=O_m1.[C]=O_m3.[H]_m2
press_indep,332,[CH]_m4.[CH]=C=O_m2>>[C]=O_m3.C#C_m1
press_indep,333,CCO_m1>>C=C_m1.O_m1
press_indep,334,CCO_m1>>[CH3]_m2.[CH2]O_m2
press_indep,335,CCO_m1>>C[CH2]_m2.[OH]_m2
press_indep,336,CCO_m1.[O]_m3>>CC[O]_m2.[OH]_m2
press_indep,337,CCO_m1.[OH]_m2>>CC[O]_m2.O_m1
press_indep,338,CCO_m1.[H]_m2>>CC[O]_m2.[H][H]_m1
press_indep,339,CCO_m1.O[O]_m2>>CC[O]_m2.OO_m1
press_indep,340,CCO_m1.[CH3]_m2>>CC[O]_m2.C_m1
press_indep,341,CCO_m1.CO[O]_m2>>CC[O]_m2.COO_m1
press_indep,342,CCO_m1.C[CH2]_m2>>[CH2]CO_m2.CC_m1
press_indep,343,CCO_m1.[O][O]_m3>>C[CH]O_m2.O[O]_m2
press_indep,344,CCO_m1.[O]_m3>>C[CH]O_m2.[OH]_m2
press_indep,345,CCO_m1.[H]_m2>>C[CH]O_m2.[H][H]_m1
press_indep,346,CCO_m1.[OH]_m2>>C[CH]O_m2.O_m1
press_indep,347,CCO_m1.O[O]_m2>>C[CH]O_m2.OO_m1
press_indep,348,CCO_m1.[CH3]_m2>>C[CH]O_m2.C_m1
press_indep,349,CCO_m1.CO[O]_m2>>C[CH]O_m2.COO_m1
press_indep,350,CCO_m1.C[CH2]_m2>>C[CH]O_m2.CC_m1
press_indep,351,CCO_m1.[O][O]_m3>>[CH2]CO_m2.O[O]_m2
press_indep,352,CCO_m1.[O]_m3>>[CH2]CO_m2.[OH]_m2
press_indep,353,CCO_m1.[H]_m2>>[CH2]CO_m2.[H][H]_m1
press_indep,354,CCO_m1.[OH]_m2>>[CH2]CO_m2.O_m1
press_indep,355,CCO_m1.O[O]_m2>>[CH2]CO_m2.OO_m1
press_indep,356,CCO_m1.[CH3]_m2>>[CH2]CO_m2.C_m1
press_indep,357,CCO_m1.CO[O]_m2>>[CH2]CO_m2.COO_m1
press_indep,358,C[CH]O_m2>>CC=O_m1.[H]_m2
press_indep,359,C[CH]O_m2>>OC=C_m1.[H]_m2
press_indep,360,C[CH]O_m2>>CC[O]_m2
press_indep,361,C[CH]O_m2>>[CH2]CO_m2
press_indep,362,[CH3]_m2.C=O_m1>>CC[O]_m2
press_indep,363,CC=O_m1.[H]_m2>>CC[O]_m2
press_indep,364,CC[O]_m2.[O][O]_m3>>CC=O_m1.O[O]_m2
press_indep,365,OCCO[O]_m2>>[CH2]CO_m2.[O][O]_m3
press_indep,366,OCCO[O]_m2>>[OH]_m2.C=O_m1.C=O_m1
press_indep,367,C[CH]O_m2.[O][O]_m3>>CC=O_m1.O[O]_m2
press_indep,368,C[CH]O_m2.[O][O]_m3>>OC=C_m1.O[O]_m2
press_indep,369,COC_m1.[OH]_m2>>CO[CH2]_m2.O_m1
press_indep,370,COC_m1.[H]_m2>>CO[CH2]_m2.[H][H]_m1
press_indep,371,COC_m1.[O]_m3>>CO[CH2]_m2.[OH]_m2
press_indep,372,COC_m1.O[O]_m2>>CO[CH2]_m2.OO_m1
press_indep,373,COC_m1.CO[O]_m2>>CO[CH2]_m2.COO_m1
press_indep,374,COC_m1.[CH3]_m2>>CO[CH2]_m2.C_m1
press_indep,375,COC_m1.[O][O]_m3>>CO[CH2]_m2.O[O]_m2
press_indep,376,COC_m1.C[O]_m2>>CO[CH2]_m2.CO_m1
press_indep,377,COC_m1.COCO[O]_m2>>CO[CH2]_m2.COCOO_m1
press_indep,378,COC_m1.[O]OC=O_m2>>CO[CH2]_m2.OOC=O_m1
press_indep,379,COC_m1.[O]C=O_m2>>CO[CH2]_m2.OC=O_m1
press_indep,380,CO[CH2]_m2.C[O]_m2>>COC_m1.C=O_m1
press_indep,381,CO[CH2]_m2.C=O_m1>>COC_m1.[CH]=O_m2
press_indep,382,CO[CH2]_m2.CC=O_m1>>COC_m1.C[C]=O_m2
press_indep,383,CO[CH2]_m2>>[CH3]_m2.C=O_m1
press_indep,384,CO[CH2]_m2.[O][O]_m3>>COCO[O]_m2
press_indep,385,CO[CH2]_m2.[O][O]_m3>>[CH2]OCOO_m2
press_indep,386,CO[CH2]_m2.[O][O]_m3>>C=O_m1.C=O_m1.[OH]_m2
press_indep,387,COCO[O]_m2>>[CH2]OCOO_m2
press_indep,388,COCO[O]_m2>>C=O_m1.C=O_m1.[OH]_m2
press_indep,389,[CH2]OCOO_m2>>C=O_m1.C=O_m1.[OH]_m2
press_indep,390,[CH2]OCOO_m2.[O][O]_m3>>OOCOCO[O]_m2
press_indep,391,[CH2]OCOO_m2.[O][O]_m3>>OOCOC=O_m1.[OH]_m2
press_indep,392,OOCOCO[O]_m2>>OOCOC=O_m1.[OH]_m2
press_indep,393,COCO[O]_m2.COCO[O]_m2>>[O][O]_m3.COC[O]_m2.COC[O]_m2
press_indep,394,COCO[O]_m2.C=O_m1>>COCOO_m1.[CH]=O_m2
press_indep,395,COCO[O]_m2.CC=O_m1>>COCOO_m1.C[C]=O_m2
press_indep,396,COC[O]_m2.[OH]_m2>>COCOO_m1
press_indep,397,OOCOC=O_m1>>[O]COC=O_m2.[OH]_m2
press_indep,398,C=O_m1.[O]C=O_m2>>[O]COC=O_m2
press_indep,399,[O]COC=O_m2>>OCO[C]=O_m2
press_indep,400,OCO[C]=O_m2>>[CH2]O_m2.O=C=O_m1
press_indep,401,OCO[C]=O_m2>>OC[O]_m2.[C]=O_m3
press_indep,402,C[O]_m2.C=O_m1>>COC[O]_m2
press_indep,403,COC[O]_m2.[O][O]_m3>>COC=O_m1.O[O]_m2
press_indep,404,COC[O]_m2>>COC=O_m1.[H]_m2
press_indep,405,C[O]_m2.[CH]=O_m2>>COC=O_m1
press_indep,406,C[O]_m2.[CH]=O_m2>>CO_m1.[C]=O_m3
press_indep,407,[CH3]_m2.[O]C=O_m2>>COC=O_m1
press_indep,408,[CH2]OC=O_m2.[H]_m2>>COC=O_m1
press_indep,409,CO[C]=O_m2.[H]_m2>>COC=O_m1
press_indep,410,COC=O_m1.[O][O]_m3>>CO[C]=O_m2.O[O]_m2
press_indep,411,COC=O_m1.[O][O]_m3>>[CH2]OC=O_m2.O[O]_m2
press_indep,412,COC=O_m1.[OH]_m2>>CO[C]=O_m2.O_m1
press_indep,413,COC=O_m1.[OH]_m2>>[CH2]OC=O_m2.O_m1
press_indep,414,COC=O_m1.O[O]_m2>>CO[C]=O_m2.OO_m1
press_indep,415,COC=O_m1.O[O]_m2>>[CH2]OC=O_m2.OO_m1
press_indep,416,COC=O_m1.[O]_m3>>CO[C]=O_m2.[OH]_m2
press_indep,417,COC=O_m1.[O]_m3>>[CH2]OC=O_m2.[OH]_m2
press_indep,418,COC=O_m1.[H]_m2>>CO[C]=O_m2.[H][H]_m1
press_indep,419,COC=O_m1.[H]_m2>>[CH2]OC=O_m2.[H][H]_m1
press_indep,420,COC=O_m1.[CH3]_m2>>CO[C]=O_m2.C_m1
press_indep,421,COC=O_m1.[CH3]_m2>>[CH2]OC=O_m2.C_m1
press_indep,422,COC=O_m1.C[O]_m2>>CO[C]=O_m2.CO_m1
press_indep,423,COC=O_m1.C[O]_m2>>[CH2]OC=O_m2.CO_m1
press_indep,424,COC=O_m1.CO[O]_m2>>CO[C]=O_m2.COO_m1
press_indep,425,COC=O_m1.CO[O]_m2>>[CH2]OC=O_m2.COO_m1
press_indep,426,COC=O_m1.[CH]=O_m2>>CO[C]=O_m2.C=O_m1
press_indep,427,COC=O_m1.[CH]=O_m2>>[CH2]OC=O_m2.C=O_m1
press_indep,428,CO[C]=O_m2>>[CH2]OC=O_m2
press_indep,429,CO[C]=O_m2>>[CH3]_m2.O=C=O_m1
press_indep,430,CO[C]=O_m2>>C[O]_m2.[C]=O_m3
press_indep,431,C=O_m1.[CH]=O_m2>>[CH2]OC=O_m2
press_indep,432,CC[CH2]_m2.[H]_m2>>CCC_m1
press_indep,433,C[CH]C_m2.[H]_m2>>CCC_m1
press_indep,434,CCC_m1.C[CH]C_m2>>CC[CH2]_m2.CCC_m1
press_indep,435,CCC_m1.[O][O]_m3>>C[CH]C_m2.O[O]_m2
press_indep,436,CCC_m1.[H]_m2>>C[CH]C_m2.[H][H]_m1
press_indep,437,CCC_m1.[O]_m3>>C[CH]C_m2.[OH]_m2
press_indep,438,CCC_m1.[OH]_m2>>C[CH]C_m2.O_m1
press_indep,439,CCC_m1.O[O]_m2>>C[CH]C_m2.OO_m1
press_indep,440,CCC_m1.[CH3]_m2>>C[CH]C_m2.C_m1
press_indep,441,CCC_m1.C=[CH]_m2>>C[CH]C_m2.C=C_m1
press_indep,442,CCC_m1.C[CH2]_m2>>C[CH]C_m2.CC_m1
press_indep,443,CCC_m1.[CH2]C=C_m2>>C[CH]C_m2.CC=C_m1
press_indep,444,CCC_m1.C[O]_m2>>C[CH]C_m2.CO_m1
press_indep,445,CCC_m1.CO[O]_m2>>C[CH]C_m2.COO_m1
press_indep,446,CCC_m1.CCO[O]_m2>>C[CH]C_m2.CCOO_m1
press_indep,447,CCC_m1.CCCO[O]_m2>>C[CH]C_m2.CCCOO_m1
press_indep,448,CCC_m1.CC(=O)O[O]_m2>>C[CH]C_m2.CC(=O)OO_m1
press_indep,449,CCC_m1.[O]OC=O_m2>>C[CH]C_m2.OOC=O_m1
press_indep,450,CCC_m1.[O]OC(C)C_m2>>C[CH]C_m2.OOC(C)C_m1
press_indep,451,CCC_m1.[O][O]_m3>>CC[CH2]_m2.O[O]_m2
press_indep,452,CCC_m1.[H]_m2>>CC[CH2]_m2.[H][H]_m1
press_indep,453,CCC_m1.[O]_m3>>CC[CH2]_m2.[OH]_m2
press_indep,454,CCC_m1.[OH]_m2>>CC[CH2]_m2.O_m1
press_indep,455,CCC_m1.O[O]_m2>>CC[CH2]_m2.OO_m1
press_indep,456,CCC_m1.[CH3]_m2>>CC[CH2]_m2.C_m1
press_indep,457,CCC_m1.C=[CH]_m2>>CC[CH2]_m2.C=C_m1
press_indep,458,CCC_m1.C[CH2]_m2>>CC[CH2]_m2.CC_m1
press_indep,459,CCC_m1.[CH2]C=C_m2>>CC[CH2]_m2.CC=C_m1
press_indep,460,CCC_m1.C[O]_m2>>CC[CH2]_m2.CO_m1
press_indep,461,CCC_m1.CO[O]_m2>>CC[CH2]_m2.COO_m1
press_indep,462,CCC_m1.CCO[O]_m2>>CC[CH2]_m2.CCOO_m1
press_indep,463,CCC_m1.CCCO[O]_m2>>CC[CH2]_m2.CCCOO_m1
press_indep,464,CCC_m1.[O]OC(C)C_m2>>CC[CH2]_m2.OOC(C)C_m1
press_indep,465,CCC_m1.CC(=O)O[O]_m2>>CC[CH2]_m2.CC(=O)OO_m1
press_indep,466,CCC_m1.[O]OC=O_m2>>CC[CH2]_m2.OOC=O_m1
press_indep,467,C[CH]C_m2.[H]_m2>>C[CH2]_m2.[CH3]_m2
press_indep,468,C[CH]C_m2.[OH]_m2>>CC=C_m1.O_m1
press_indep,469,C[CH]C_m2.[O]_m3>>CC(=O)C_m1.[H]_m2
press_indep,470,C[CH]C_m2.[O]_m3>>CC=O_m1.[CH3]_m2
press_indep,471,CC[CH2]_m2.O[O]_m2>>CCC[O]_m2.[OH]_m2
press_indep,472,CC[CH2]_m2.CO[O]_m2>>CCC[O]_m2.C[O]_m2
press_indep,473,C[CH]C_m2.O[O]_m2>>CC([O])C_m2.[OH]_m2
press_indep,474,C[CH]C_m2.CO[O]_m2>>CC([O])C_m2.C[O]_m2
press_indep,475,C[CH2]_m2.C=O_m1>>CCC[O]_m2
press_indep,476,CCC=O_m1.[H]_m2>>CCC[O]_m2
press_indep,477,[CH3]_m2.CC=O_m1>>CC([O])C_m2
press_indep,478,CC(=O)C_m1.[H]_m2>>CC([O])C_m2
press_indep,479,CC([O])C_m2.[O][O]_m3>>CC(=O)C_m1.O[O]_m2
press_indep,480,CC[CH2]_m2.[O][O]_m3>>CC=C_m1.O[O]_m2
press_indep,481,CC[CH2]_m2.[O][O]_m3>>CC=C_m1.O[O]_m2
press_indep,482,CC[CH2]_m2.[O][O]_m3>>CCCO[O]_m2
press_indep,483,C[CH]C_m2.[O][O]_m3>>[O]OC(C)C_m2
press_indep,484,[O]OC(C)C_m2>>CC=C_m1.O[O]_m2
press_indep,485,CCCO[O]_m2>>CC=C_m1.O[O]_m2
press_indep,486,CCCO[O]_m2>>C[CH]COO_m2
press_indep,487,CCCO[O]_m2>>[CH2]CCOO_m2
press_indep,488,[O]OC(C)C_m2>>OOC([CH2])C_m2
press_indep,489,C[CH]COO_m2>>CC1CO1_m1.[OH]_m2
press_indep,490,[CH2]CCOO_m2>>C1CCO1_m1.[OH]_m2
press_indep,491,C[CH]COO_m2>>CC=C_m1.O[O]_m2
press_indep,492,[CH2]CCOO_m2>>[OH]_m2.C=O_m1.C=C_m1
press_indep,493,OOC([CH2])C_m2>>OOC=C_m1.[CH3]_m2
press_indep,494,C[CH]COO_m2>>C=C_m1.C=O_m1.[OH]_m2
press_indep,495,C[CH]COO_m2.[O][O]_m3>>OOCC(O[O])C_m2
press_indep,496,[CH2]CCOO_m2.[O][O]_m3>>OOCCCO[O]_m2
press_indep,497,OOC([CH2])C_m2.[O][O]_m3>>[O]OCC(OO)C_m2
press_indep,498,OOCC(O[O])C_m2>>OOCC(OO)[CH2]_m2
press_indep,499,OOCCCO[O]_m2>>OOC[CH]COO_m2
press_indep,500,[O]OCC(OO)C_m2>>OOCC(OO)[CH2]_m2
press_indep,501,OOCC(OO)[CH2]_m2>>OOCC=C_m1.O[O]_m2
press_indep,502,OOC[CH]COO_m2>>OOCC=C_m1.O[O]_m2
press_indep,503,OOCC(OO)[CH2]_m2>>OOCC1CO1_m1.[OH]_m2
press_indep,504,OOCC(OO)[CH2]_m2>>OOC1COC1_m1.[OH]_m2
press_indep,505,OOC[CH]COO_m2>>OOCC1CO1_m1.[OH]_m2
press_indep,506,OOCC1CO1_m1>>[CH2]C=O_m2.C=O_m1.[OH]_m2
press_indep,507,OOC1COC1_m1>>[CH2]C=O_m2.C=O_m1.[OH]_m2
press_indep,508,OOCC(O[O])C_m2>>CC(C=O)OO_m1.[OH]_m2
press_indep,509,OOCCCO[O]_m2>>OOCCC=O_m1.[OH]_m2
press_indep,510,[O]OCC(OO)C_m2>>CC(=O)COO_m1.[OH]_m2
press_indep,511,CC(C=O)OO_m1>>CC=O_m1.[CH]=O_m2.[OH]_m2
press_indep,512,OOCCC=O_m1>>C=O_m1.[CH2]C=O_m2.[OH]_m2
press_indep,513,CC(=O)COO_m1>>C=O_m1.C[C]=O_m2.[OH]_m2
press_indep,514,CC(=O)COO_m1>>[OH]_m2.C=O_m1.[C]=O_m3
press_indep,515,OOC=C_m1>>[CH2]C=O_m2.[OH]_m2
press_indep,516,OOC=C_m1>>C=C=O_m1.[H]_m2.[OH]_m2
press_indep,517,CC(=O)COO_m1>>CC(=O)C[O]_m2.[OH]_m2
press_indep,518,CCCOO_m1>>CCC[O]_m2.[OH]_m2
press_indep,519,CCCO[O]_m2.[H][H]_m1>>CCCOO_m1.[H]_m2
press_indep,520,CCCO[O]_m2.O[O]_m2>>CCCOO_m1.[O][O]_m3
press_indep,521,CCCO[O]_m2.C=O_m1>>CCCOO_m1.[CH]=O_m2
press_indep,522,CCCO[O]_m2.C_m1>>CCCOO_m1.[CH3]_m2
press_indep,523,CCCO[O]_m2.CO_m1>>CCCOO_m1.[CH2]O_m2
press_indep,524,CCCO[O]_m2.CC=O_m1>>CCCOO_m1.C[C]=O_m2
press_indep,525,CCCO[O]_m2.C=C_m1>>CCCOO_m1.C=[CH]_m2
press_indep,526,CCCO[O]_m2.CC_m1>>CCCOO_m1.C[CH2]_m2
press_indep,527,CCCO[O]_m2.C=CC=O_m1>>CCCOO_m1.C=C[C]=O_m2
press_indep,528,CCCO[O]_m2.CCC=O_m1>>CCCOO_m1.CC[C]=O_m2
press_indep,529,CCCO[O]_m2.CCCO[O]_m2>>CCC[O]_m2.CCC[O]_m2.[O][O]_m3
press_indep,530,CCCO[O]_m2.CC(=O)O[O]_m2>>CCC[O]_m2.CC(=O)[O]_m2.[O][O]_m3
press_indep,531,CCCO[O]_m2.CCO[O]_m2>>CCC[O]_m2.CC[O]_m2.[O][O]_m3
press_indep,532,CCCO[O]_m2.[CH3]_m2>>CCC[O]_m2.C[O]_m2
press_indep,533,CCCO[O]_m2.C[CH2]_m2>>CCC[O]_m2.CC[O]_m2
press_indep,534,CCCO[O]_m2.C[CH]C_m2>>CCC[O]_m2.CC([O])C_m2
press_indep,535,CCCO[O]_m2.CC[CH2]_m2>>CCC[O]_m2.CCC[O]_m2
press_indep,536,CCCO[O]_m2.[CH2]C=C_m2>>CCC[O]_m2.[O]CC=C_m2
press_indep,537,CCCO[O]_m2.CO[O]_m2>>CCC[O]_m2.C[O]_m2.[O][O]_m3
press_indep,538,CC([O])C_m2.[OH]_m2>>OOC(C)C_m1
press_indep,539,[O]OC(C)C_m2.[H][H]_m1>>OOC(C)C_m1.[H]_m2
press_indep,540,[O]OC(C)C_m2.O[O]_m2>>OOC(C)C_m1.[O][O]_m3
press_indep,541,[O]OC(C)C_m2.C=O_m1>>OOC(C)C_m1.[CH]=O_m2
press_indep,542,[O]OC(C)C_m2.C_m1>>OOC(C)C_m1.[CH3]_m2
press_indep,543,[O]OC(C)C_m2.CC=O_m1>>OOC(C)C_m1.C[C]=O_m2
press_indep,544,[O]OC(C)C_m2.C=C_m1>>OOC(C)C_m1.C=[CH]_m2
press_indep,545,[O]OC(C)C_m2.CO_m1>>OOC(C)C_m1.[CH2]O_m2
press_indep,546,[O]OC(C)C_m2.CC_m1>>OOC(C)C_m1.C[CH2]_m2
press_indep,547,[O]OC(C)C_m2.C=CC=O_m1>>OOC(C)C_m1.C=C[C]=O_m2
press_indep,548,[O]OC(C)C_m2.CCC=O_m1>>OOC(C)C_m1.CC[C]=O_m2
press_indep,549,[O]OC(C)C_m2.CO[O]_m2>>CC([O])C_m2.C[O]_m2.[O][O]_m3
press_indep,550,[O]OC(C)C_m2.CC(=O)O[O]_m2>>CC([O])C_m2.CC(=O)[O]_m2.[O][O]_m3
press_indep,551,[O]OC(C)C_m2.CCO[O]_m2>>CC([O])C_m2.CC[O]_m2.[O][O]_m3
press_indep,552,[O]OC(C)C_m2.[O]OC(C)C_m2>>[O][O]_m3.CC([O])C_m2.CC([O])C_m2
press_indep,553,[O]OC(C)C_m2.CCCO[O]_m2>>CC([O])C_m2.CCC[O]_m2.[O][O]_m3
press_indep,554,[O]OC(C)C_m2.[CH3]_m2>>CC([O])C_m2.C[O]_m2
press_indep,555,[O]OC(C)C_m2.C[CH2]_m2>>CC([O])C_m2.CC[O]_m2
press_indep,556,[O]OC(C)C_m2.C[CH]C_m2>>CC([O])C_m2.CC([O])C_m2
press_indep,557,[O]OC(C)C_m2.CC[CH2]_m2>>CC([O])C_m2.CCC[O]_m2
press_indep,558,[O]OC(C)C_m2.[CH2]C=C_m2>>CC([O])C_m2.[O]CC=C_m2
press_indep,559,CC1CO1_m1>>C=C_m1.C=O_m1
press_indep,560,CC1CO1_m1.[OH]_m2>>C=O_m1.C=[CH]_m2.O_m1
press_indep,561,CC1CO1_m1.[H]_m2>>C=O_m1.C=[CH]_m2.[H][H]_m1
press_indep,562,CC1CO1_m1.[O]_m3>>C=O_m1.C=[CH]_m2.[OH]_m2
press_indep,563,CC1CO1_m1.O[O]_m2>>C=O_m1.C=[CH]_m2.OO_m1
press_indep,564,CC1CO1_m1.CO[O]_m2>>C=O_m1.C=[CH]_m2.COO_m1
press_indep,565,CC1CO1_m1.[CH3]_m2>>C=O_m1.C=[CH]_m2.C_m1
press_indep,566,C1CCO1_m1>>C=C_m1.C=O_m1
press_indep,567,C1CCO1_m1.[OH]_m2>>C=O_m1.C=[CH]_m2.O_m1
press_indep,568,C1CCO1_m1.[O]_m3>>C=O_m1.C=[CH]_m2.[OH]_m2
press_indep,569,C1CCO1_m1.[H]_m2>>C=O_m1.C=[CH]_m2.[H][H]_m1
press_indep,570,C1CCO1_m1.CO[O]_m2>>C=O_m1.C=[CH]_m2.COO_m1
press_indep,571,C1CCO1_m1.O[O]_m2>>C=O_m1.C=[CH]_m2.OO_m1
press_indep,572,C1CCO1_m1.[CH3]_m2>>C=O_m1.C=[CH]_m2.C_m1
press_indep,573,[CH2]_m1.C=C_m1>>C1CC1_m1
press_indep,574,[CH2]_m1.C=C_m1>>C1CC1_m1
press_indep,575,[CH2]_m1.C=C_m1>>CC=C_m1
press_indep,576,[CH2]_m1.C=C_m1>>CC=C_m1
press_indep,577,[CH2]_m1.C=C_m1>>[CH2]C=C_m2.[H]_m2
press_indep,578,[CH2]_m1.C=C_m1>>[CH2]C=C_m2.[H]_m2
press_indep,579,[CH2]_m1.C=C_m1>>C=[CH]_m2.[CH3]_m2
press_indep,580,[CH2]_m1.C=C_m1>>C=[CH]_m2.[CH3]_m2
press_indep,581,C=[CH]_m2.[CH3]_m2>>[CH2]C=C_m2.[H]_m2
press_indep,582,C=[CH]_m2.[CH3]_m2>>[CH2]C=C_m2.[H]_m2
press_indep,583,CC=C_m1>>C=[CH]_m2.[CH3]_m2
press_indep,584,CC=C_m1>>C=[CH]_m2.[CH3]_m2
press_indep,585,CC=C_m1>>[CH2]C=C_m2.[H]_m2
press_indep,586,CC=C_m1>>[CH2]C=C_m2.[H]_m2
press_indep,587,CC=C_m1>>C1CC1_m1
press_indep,588,CC=C_m1>>C1CC1_m1
press_indep,589,C1CC1_m1>>[CH2]C=C_m2.[H]_m2
press_indep,590,C1CC1_m1>>[CH2]C=C_m2.[H]_m2
press_indep,591,C1CC1_m1>>C=[CH]_m2.[CH3]_m2
press_indep,592,C1CC1_m1>>C=[CH]_m2.[CH3]_m2
press_indep,593,C[C]=C_m2.[H]_m2>>CC=C_m1
press_indep,594,C[C]=C_m2.[H]_m2>>CC=C_m1
press_indep,595,C[C]=C_m2.[H]_m2>>[CH2]C=C_m2.[H]_m2
press_indep,596,C[C]=C_m2.[H]_m2>>[CH2]C=C_m2.[H]_m2
press_indep,597,C[C]=C_m2.[H]_m2>>C=[CH]_m2.[CH3]_m2
press_indep,598,C[C]=C_m2.[H]_m2>>C=[CH]_m2.[CH3]_m2
press_indep,599,CC=C_m1>>CC=[CH]_m2.[H]_m2
press_indep,600,CC=C_m1.[H]_m2>>[CH2]C=C_m2.[H][H]_m1
press_indep,601,CC=C_m1.[O][O]_m3>>[CH2]C=C_m2.O[O]_m2
press_indep,602,CC=C_m1.[O]_m3>>[CH2]C=C_m2.[OH]_m2
press_indep,603,CC=C_m1.[OH]_m2>>[CH2]C=C_m2.O_m1
press_indep,604,CC=C_m1.O[O]_m2>>[CH2]C=C_m2.OO_m1
press_indep,605,CC=C_m1.[CH3]_m2>>[CH2]C=C_m2.C_m1
press_indep,606,CC=C_m1.C[O]_m2>>[CH2]C=C_m2.CO_m1
press_indep,607,CC=C_m1.CO[O]_m2>>[CH2]C=C_m2.COO_m1
press_indep,608,CC=C_m1.C[CH2]_m2>>[CH2]C=C_m2.CC_m1
press_indep,609,CC=C_m1.CCO[O]_m2>>[CH2]C=C_m2.CCOO_m1
press_indep,610,CC=C_m1.CC(=O)O[O]_m2>>[CH2]C=C_m2.CC(=O)OO_m1
press_indep,611,CC=C_m1.CCCO[O]_m2>>[CH2]C=C_m2.CCCOO_m1
press_indep,612,CC=C_m1.[O]OC(C)C_m2>>[CH2]C=C_m2.OOC(C)C_m1
press_indep,613,CC=C_m1.[H]_m2>>C[C]=C_m2.[H][H]_m1
press_indep,614,CC=C_m1.[O]_m3>>C[C]=C_m2.[OH]_m2
press_indep,615,CC=C_m1.[OH]_m2>>C[C]=C_m2.O_m1
press_indep,616,CC=C_m1.O[O]_m2>>C[C]=C_m2.OO_m1
press_indep,617,CC=C_m1.[O][O]_m3>>C[C]=C_m2.O[O]_m2
press_indep,618,CC=C_m1.[CH3]_m2>>C[C]=C_m2.C_m1
press_indep,619,CC=C_m1.[H]_m2>>CC=[CH]_m2.[H][H]_m1
press_indep,620,CC=C_m1.[H]_m2>>CC=[CH]_m2.[H][H]_m1
press_indep,621,CC=C_m1.[O][O]_m3>>CC=[CH]_m2.O[O]_m2
press_indep,622,CC=C_m1.[O]_m3>>CC=[CH]_m2.[OH]_m2
press_indep,623,CC=C_m1.[OH]_m2>>CC=[CH]_m2.O_m1
press_indep,624,CC=C_m1.O[O]_m2>>CC=[CH]_m2.OO_m1
press_indep,625,CC=C_m1.[CH3]_m2>>CC=[CH]_m2.C_m1
press_indep,626,CC=C_m1.[O]_m3>>C[CH2]_m2.[CH]=O_m2
press_indep,627,CC=C_m1.[O]_m3>>C=C=O_m1.[CH3]_m2.[H]_m2
press_indep,628,CC=C_m1.[O]_m3>>CC=C=O_m1.[H]_m2.[H]_m2
press_indep,629,CC=C_m1.[H]_m2>>CC[CH2]_m2
press_indep,630,CC=C_m1.[H]_m2>>CC[CH2]_m2
press_indep,631,CC=C_m1.[H]_m2>>C=C_m1.[CH3]_m2
press_indep,632,CC=C_m1.[H]_m2>>C=C_m1.[CH3]_m2
press_indep,633,CC=C_m1.[H]_m2>>C[CH]C_m2
press_indep,634,CC=C_m1.[H]_m2>>C[CH]C_m2
press_indep,635,C=C_m1.[CH3]_m2>>CC[CH2]_m2
press_indep,636,C=C_m1.[CH3]_m2>>CC[CH2]_m2
press_indep,637,CC=C_m1.O[O]_m2>>OOC([CH2])C_m2
press_indep,638,CC=C_m1.O[O]_m2>>CC1CO1_m1.[OH]_m2
press_indep,639,CC=C_m1.O[O]_m2>>C[CH]C_m2.[O][O]_m3
press_indep,640,OOC([CH2])C_m2>>CC1CO1_m1.[OH]_m2
press_indep,641,[CH2]C=C_m2.[H]_m2>>C=C=C_m1.[H][H]_m1
press_indep,642,[CH2]C=C_m2.[OH]_m2>>C=C=C_m1.O_m1
press_indep,643,[CH2]C=C_m2.[CH3]_m2>>C=C=C_m1.C_m1
press_indep,644,[CH2]C=C_m2.C[CH2]_m2>>C=C=C_m1.CC_m1
press_indep,645,[CH2]C=C_m2.C=[CH]_m2>>C=C=C_m1.C=C_m1
press_indep,646,C=C=C_m1.C=C=C_m1>>[CH2]C=C_m2.[CH2]C#C_m2
press_indep,647,CC=[CH]_m2.[H]_m2>>C=C=C_m1.[H][H]_m1
press_indep,648,CC=[CH]_m2.[CH3]_m2>>C=C=C_m1.C_m1
press_indep,649,CC=[CH]_m2.[H]_m2>>CC#C_m1.[H][H]_m1
press_indep,650,CC=[CH]_m2.[CH3]_m2>>CC#C_m1.C_m1
press_indep,651,C[C]=C_m2.[H]_m2>>CC#C_m1.[H][H]_m1
press_indep,652,C[C]=C_m2.[CH3]_m2>>CC#C_m1.C_m1
press_indep,653,[CH2]C=C_m2.[CH2]C=C_m2>>C=C=C_m1.CC=C_m1
press_indep,654,[CH2]C=C_m2.C[CH2]_m2>>C=C_m1.CC=C_m1
press_indep,655,[CH2]C=C_m2.[CH]=O_m2>>CC=C_m1.[C]=O_m3
press_indep,656,CC=[CH]_m2.[CH]=O_m2>>CC=C_m1.[C]=O_m3
press_indep,657,C[C]=C_m2.[CH]=O_m2>>CC=C_m1.[C]=O_m3
press_indep,658,CC=[CH]_m2.[O]_m3>>C=C_m1.[CH]=O_m2
press_indep,659,CC=[CH]_m2.[OH]_m2>>C=C_m1.[CH]=O_m2.[H]_m2
press_indep,660,CC=[CH]_m2.O[O]_m2>>C=C_m1.[CH]=O_m2.[OH]_m2
press_indep,661,C[C]=C_m2.[O]_m3>>[CH3]_m2.C=C=O_m1
press_indep,662,C[C]=C_m2.[OH]_m2>>[CH3]_m2.C=C=O_m1.[H]_m2
press_indep,663,C[C]=C_m2.O[O]_m2>>[CH3]_m2.C=C=O_m1.[OH]_m2
press_indep,664,[CH2]C=C_m2.[O]_m3>>C=CC=O_m1.[H]_m2
press_indep,665,[CH2]C=C_m2.[OH]_m2>>C=CC=O_m1.[H]_m2.[H]_m2
press_indep,666,[CH2]C=C_m2.[O][O]_m3>>C=C=C_m1.O[O]_m2
press_indep,667,[CH2]C=C_m2.[O][O]_m3>>C[C]=O_m2.C=O_m1
press_indep,668,[CH2]C=C_m2.[O][O]_m3>>C=CC=O_m1.[OH]_m2
press_indep,669,CC=[CH]_m2.[O][O]_m3>>CC=O_m1.[CH]=O_m2
press_indep,670,CC=[CH]_m2.[O][O]_m3>>C[CH]C=O_m2.[O]_m3
press_indep,671,CC=[CH]_m2.[O][O]_m3>>C=CC=O_m1.[OH]_m2
press_indep,672,C[C]=C_m2.[O][O]_m3>>CC(=O)[CH2]_m2.[O]_m3
press_indep,673,C[C]=C_m2.[O][O]_m3>>C[C]=O_m2.C=O_m1
press_indep,674,C[C]=C_m2.[O][O]_m3>>C=C=C_m1.O[O]_m2
press_indep,675,[CH2]C=C_m2.O[O]_m2>>[O]CC=C_m2.[OH]_m2
press_indep,676,[CH2]C=C_m2.O[O]_m2>>OOCC=C_m1
press_indep,677,[CH2]C=C_m2.O[O]_m2>>C=CC=O_m1.O_m1
press_indep,678,OOCC=C_m1>>C=CC=O_m1.O_m1
press_indep,679,OOCC=C_m1>>[O]CC=C_m2.[OH]_m2
press_indep,680,[O]CC=C_m2>>C=[CH]_m2.C=O_m1
press_indep,681,[O]CC=C_m2>>[CH2]OC=C_m2
press_indep,682,[O]CC=C_m2>>[CH2]CC=O_m2
press_indep,683,[O]CC=C_m2>>C=CC=O_m1.[H]_m2
press_indep,684,[O]CC=C_m2>>C=C_m1.[CH]=O_m2
press_indep,685,[CH2]OC=C_m2>>C=[CH]_m2.C=O_m1
press_indep,686,[CH2]OC=C_m2>>[CH2]CC=O_m2
press_indep,687,[CH2]OC=C_m2>>C=CC=O_m1.[H]_m2
press_indep,688,[CH2]OC=C_m2>>C=C_m1.[CH]=O_m2
press_indep,689,[CH2]CC=O_m2>>C=[CH]_m2.C=O_m1
press_indep,690,[CH2]CC=O_m2>>C=CC=O_m1.[H]_m2
press_indep,691,[CH2]CC=O_m2>>C=C_m1.[CH]=O_m2
press_indep,692,C=[CH]_m2.C=O_m1>>C=CC=O_m1.[H]_m2
press_indep,693,C=[CH]_m2.C=O_m1>>C=C_m1.[CH]=O_m2
press_indep,694,[CH2]C=C_m2.CO[O]_m2>>[O]CC=C_m2.C[O]_m2
press_indep,695,[CH2]C=C_m2.CO[O]_m2>>COOCC=C_m1
press_indep,696,COOCC=C_m1>>[O]CC=C_m2.C[O]_m2
press_indep,697,CC=C_m1.[OH]_m2>>OCC=C_m1.[H]_m2
press_indep,698,CC=C_m1.[OH]_m2>>OC=C_m1.[CH3]_m2
press_indep,699,CC=C_m1.[OH]_m2>>CC(=C)O_m1.[H]_m2
press_indep,700,CC=C_m1.[OH]_m2>>CC=CO_m1.[H]_m2
press_indep,701,CC=C_m1.[OH]_m2>>CC=O_m1.[CH3]_m2
press_indep,702,CC=C_m1.[OH]_m2>>C[CH]CO_m2
press_indep,703,CC=C_m1.[OH]_m2>>C[CH]CO_m2
press_indep,704,CC=C_m1.[OH]_m2>>CC(O)[CH2]_m2
press_indep,705,CC=C_m1.[OH]_m2>>CC(O)[CH2]_m2
press_indep,706,OC[C]=C_m2.[H]_m2>>OCC=C_m1
press_indep,707,OCC=C_m1.[H]_m2>>OC[C]=C_m2.[H][H]_m1
press_indep,708,OCC=C_m1.[O][O]_m3>>OC[C]=C_m2.O[O]_m2
press_indep,709,OCC=C_m1.[OH]_m2>>OC[C]=C_m2.O_m1
press_indep,710,OCC=C_m1.[CH3]_m2>>OC[C]=C_m2.C_m1
press_indep,711,OC[C]=C_m2.OO_m1>>OCC=C_m1.O[O]_m2
press_indep,712,OC[C]=C_m2>>C#C_m1.[CH2]O_m2
press_indep,713,OC[C]=C_m2>>C=O_m1.C=[CH]_m2
press_indep,714,OC[C]=C_m2>>C=CC=O_m1.[H]_m2
press_indep,715,OC[C]=C_m2>>[CH]=O_m2.C=C_m1
press_indep,716,OC[C]=C_m2.[O][O]_m3>>[CH2]O_m2.[C]=O_m3.C=O_m1
press_indep,717,[O]CC=C_m2.[O][O]_m3>>C=CC=O_m1.O[O]_m2
press_indep,718,CC(=O)C_m1.[H]_m2>>CC(O)[CH2]_m2
press_indep,719,CC(=C)O_m1.[H]_m2>>CC(O)[CH2]_m2
press_indep,720,CCC=O_m1.[H]_m2>>C[CH]CO_m2
press_indep,721,C[C]=C_m2.[OH]_m2>>CC(=C)O_m1
press_indep,722,CC(O)[CH2]_m2.[O][O]_m3>>CC(=O)C_m1.O[O]_m2
press_indep,723,C[CH]CO_m2.[O][O]_m3>>CCC=O_m1.O[O]_m2
press_indep,724,C[CH]CO_m2.[O][O]_m3>>OCC(O[O])C_m2
press_indep,725,CC(O)[CH2]_m2.[O][O]_m3>>OCC(O[O])C_m2
press_indep,726,OCC(O[O])C_m2>>CC=O_m1.C=O_m1.[OH]_m2
press_indep,727,CC=CO_m1>>CCC=O_m1
press_indep,728,CC=CO_m1.[O][O]_m3>>C=CC=O_m1.[H]_m2.O[O]_m2
press_indep,729,CC=CO_m1.[OH]_m2>>C=CC=O_m1.[H]_m2.O_m1
press_indep,730,CC=CO_m1.[H]_m2>>C=CC=O_m1.[H]_m2.[H][H]_m1
press_indep,731,CC=CO_m1.[O]_m3>>C=CC=O_m1.[H]_m2.[OH]_m2
press_indep,732,CC=CO_m1.O[O]_m2>>C=CC=O_m1.[H]_m2.OO_m1
press_indep,733,CC=CO_m1.[CH3]_m2>>C=CC=O_m1.[H]_m2.C_m1
press_indep,734,CC=CO_m1.CO[O]_m2>>C=CC=O_m1.[H]_m2.COO_m1
press_indep,735,CC=CO_m1.C[O]_m2>>C=CC=O_m1.[H]_m2.CO_m1
press_indep,736,CC=CO_m1.O[O]_m2>>CCC=O_m1.O[O]_m2
press_indep,737,CC=CO_m1.OC=O_m1>>CCC=O_m1.OC=O_m1
press_indep,738,[CH2]C=C_m2.C#C_m1>>[CH2]C=CC=C_m2
press_indep,739,[CH2]C=C_m2.C=[CH]_m2>>C1C=CC=C1_m1.[H]_m2.[H]_m2
press_indep,740,C#[C]_m2.[CH3]_m2>>CC#C_m1
press_indep,741,C=C=C_m1>>CC#C_m1
press_indep,742,C1=CC1_m1>>CC#C_m1
press_indep,743,C1=CC1_m1>>C=C=C_m1
press_indep,744,CC#C_m1>>[CH2]C#C_m2.[H]_m2
press_indep,745,C=C=C_m1>>[CH2]C#C_m2.[H]_m2
press_indep,746,[CH2]C#C_m2.[H]_m2>>C1=CC1_m1
press_indep,747,CC#C_m1.[CH2]C#C_m2>>C=C=C_m1.[CH2]C#C_m2
press_indep,748,CC#C_m1.[O][O]_m3>>[CH2]C#C_m2.O[O]_m2
press_indep,749,CC#C_m1.[O]_m3>>[CH2]C#C_m2.[OH]_m2
press_indep,750,CC#C_m1.[H]_m2>>[CH2]C#C_m2.[H][H]_m1
press_indep,751,CC#C_m1.[OH]_m2>>[CH2]C#C_m2.O_m1
press_indep,752,CC#C_m1.O[O]_m2>>[CH2]C#C_m2.OO_m1
press_indep,753,CC#C_m1.[CH3]_m2>>[CH2]C#C_m2.C_m1
press_indep,754,CC#C_m1.CO[O]_m2>>[CH2]C#C_m2.COO_m1
press_indep,755,CC#C_m1.C#[C]_m2>>C#C_m1.[CH2]C#C_m2
press_indep,756,CC#C_m1.C=[CH]_m2>>[CH2]C#C_m2.C=C_m1
press_indep,757,CC#C_m1.[CH2]C=C_m2>>[CH2]C#C_m2.CC=C_m1
press_indep,758,C=C=C_m1.[H]_m2>>[CH2]C#C_m2.[H][H]_m1
press_indep,759,C=C=C_m1.[O][O]_m3>>[CH2]C#C_m2.O[O]_m2
press_indep,760,C=C=C_m1.[OH]_m2>>[CH2]C#C_m2.O_m1
press_indep,761,C=C=C_m1.[CH3]_m2>>[CH2]C#C_m2.C_m1
press_indep,762,C=C=C_m1.O[O]_m2>>[CH2]C#C_m2.OO_m1
press_indep,763,C=C=C_m1.CO[O]_m2>>[CH2]C#C_m2.COO_m1
press_indep,764,C=C=C_m1.[CH2]C=C_m2>>[CH2]C#C_m2.CC=C_m1
press_indep,765,C=C=C_m1.[H]_m2>>CC#C_m1.[H]_m2
press_indep,766,C=C=C_m1.[H]_m2>>CC#C_m1.[H]_m2
press_indep,767,C=C=C_m1.[H]_m2>>[CH2]C=C_m2
press_indep,768,C=C=C_m1.[H]_m2>>[CH2]C=C_m2
press_indep,769,C=C=C_m1.[H]_m2>>CC=[CH]_m2
press_indep,770,C=C=C_m1.[H]_m2>>C[C]=C_m2
press_indep,771,C=C=C_m1.[H]_m2>>C[C]=C_m2
press_indep,772,C=C=C_m1.[H]_m2>>[CH3]_m2.C#C_m1
press_indep,773,C=C=C_m1.[H]_m2>>[CH3]_m2.C#C_m1
press_indep,774,CC#C_m1.[H]_m2>>C[C]=C_m2
press_indep,775,CC#C_m1.[H]_m2>>C[C]=C_m2
press_indep,776,CC#C_m1.[H]_m2>>CC=[CH]_m2
press_indep,777,CC#C_m1.[H]_m2>>CC=[CH]_m2
press_indep,778,CC#C_m1.[H]_m2>>[CH3]_m2.C#C_m1
press_indep,779,CC#C_m1.[H]_m2>>[CH2]C=C_m2
press_indep,780,[CH2]C=C_m2>>C[C]=C_m2
press_indep,781,[CH2]C=C_m2>>CC=[CH]_m2
press_indep,782,C#C_m1.[CH3]_m2>>C[C]=C_m2
press_indep,783,C[C]=C_m2>>CC=[CH]_m2
press_indep,784,C#C_m1.[CH3]_m2>>[CH2]C=C_m2
press_indep,785,[CH3]_m2.C#C_m1>>CC=[CH]_m2
press_indep,786,[CH3]_m2.C#C_m1>>CC=[CH]_m2
press_indep,787,CC#C_m1.[O]_m3>>[CH]=C=O_m2.[CH3]_m2
press_indep,788,CC#C_m1.[O]_m3>>C=C_m1.[C]=O_m3
press_indep,789,CC#C_m1.[O]_m3>>C=[CH]_m2.[CH]=O_m2
press_indep,790,C=C=C_m1.[O]_m3>>C=C_m1.[C]=O_m3
press_indep,791,C=C=C_m1.[O]_m3>>C#C_m1.C=O_m1
press_indep,792,C=C=C_m1.[OH]_m2>>OC[C]=C_m2
press_indep,793,C=C=C_m1.[OH]_m2>>[CH2]C(=C)O_m2
press_indep,794,[CH2]C(=C)O_m2>>C=C=O_m1.[CH3]_m2
press_indep,795,CC#C_m1.[OH]_m2>>C[C]=CO_m2
press_indep,796,CC#C_m1.[OH]_m2>>[CH2]C(=C)O_m2
press_indep,797,C[C]=CO_m2>>C[CH]C=O_m2
press_indep,798,C[CH]C=O_m2>>C=CC=O_m1.[H]_m2
press_indep,799,C[CH]C=O_m2>>CC=C=O_m1.[H]_m2
press_indep,800,C[CH]C=O_m2.[H][H]_m1>>CCC=O_m1.[H]_m2
press_indep,801,CC#C_m1.O[O]_m2>>C=C_m1.[C]=O_m3.[OH]_m2
press_indep,802,C=C=C_m1.O[O]_m2>>C=C_m1.[C]=O_m3.[OH]_m2
press_indep,803,C=C=C_m1.O[O]_m2>>C=C=O_m1.[CH2]_m3.[OH]_m2
press_indep,804,C=C=C_m1.C#[C]_m2>>C#C_m1.[CH2]C#C_m2
press_indep,805,[CH2]C#C_m2.[O]_m3>>C=O_m1.C#[C]_m2
press_indep,806,[CH2]C#C_m2.O[O]_m2>>[OH]_m2.[C]=O_m3.C=[CH]_m2
press_indep,807,[CH2]C#C_m2.[CH]=O_m2>>C=C=C_m1.[C]=O_m3
press_indep,808,[CH2]C#C_m2.[CH]=O_m2>>CC#C_m1.[C]=O_m3
press_indep,809,C[CH2]_m2.C#[C]_m2>>[CH2]C#C_m2.[CH3]_m2
press_indep,810,[CH2]C#C_m2.[O][O]_m3>>C=C=O_m1.[CH]=O_m2
press_indep,811,[CH2]C#C_m2.[CH]_m4>>[CH]=CC#C_m2.[H]_m2
press_indep,812,[CH2]C#C_m2.O[O]_m2>>[O]C=C=C_m2.[OH]_m2
press_indep,813,[CH2]C#C_m2.O[O]_m2>>OOC=C=C_m1
press_indep,814,[CH2]C#C_m2.O[O]_m2>>O=CC#C_m1.O_m1
press_indep,815,OOC=C=C_m1>>O=CC#C_m1.O_m1
press_indep,816,C#[C]_m2.C=O_m1>>[O]C=C=C_m2
press_indep,817,O=CC#C_m1>>C#C_m1.[C]=O_m3
press_indep,818,C#[C]_m2.[CH]=O_m2>>O=CC#C_m1
press_indep,819,[CH2]C#C_m2.[H]_m2>>C=C=[C]_m3.[H][H]_m1
press_indep,820,[CH2]C#C_m2.[H]_m2>>C=C=[C]_m1.[H][H]_m1
press_indep,821,[CH2]C#C_m2.[H]_m2>>C=C=[C]_m1.[H][H]_m1
press_indep,822,[CH2]C#C_m2.[H]_m2>>C1=C[C]1_m3.[H][H]_m1
press_indep,823,C1=C[C]1_m3.[O][O]_m3>>C#C_m1.O=C=O_m1
press_indep,824,[CH2]C#C_m2.[OH]_m2>>C=C=[C]_m3.O_m1
press_indep,825,[CH2]C#C_m2.[OH]_m2>>C=O_m1.C#C_m1
press_indep,826,[CH2]C#C_m2.[OH]_m2>>C=[CH]_m2.[CH]=O_m2
press_indep,827,[CH2]C#C_m2.[OH]_m2>>C=C_m1.[C]=O_m3
press_indep,828,[CH2]C#C_m2.[OH]_m2>>C=C=[C]_m1.O_m1
press_indep,829,[CH2]C#C_m2.[OH]_m2>>C=C=[C]_m1.O_m1
press_indep,830,C=C=[C]_m1.[H]_m2>>C=C=[C]_m1.[H]_m2
press_indep,831,C=C=[C]_m1.[O][O]_m3>>O=C=O_m1.C#C_m1
press_indep,832,[CH2]C#C_m2.[CH2]C#C_m2>>c1[c]cccc1_m2.[H]_m2
press_indep,833,[CH2]C#C_m2.[CH2]C#C_m2>>c1ccccc1_m1
press_indep,834,[CH2]C#C_m2.[CH2]C#C_m2>>C=C1C=CC=C1_m1
press_indep,835,[CH2]C#C_m2.[CH2]C=C_m2>>C=C1C=CC=C1_m1.[H]_m2.[H]_m2
press_indep,836,[CH2]C#C_m2.C=C=C_m1>>c1ccccc1_m1.[H]_m2
press_indep,837,CC=C=O_m1.[OH]_m2>>C[CH2]_m2.O=C=O_m1
press_indep,838,CC=C=O_m1.[OH]_m2>>C[CH]O_m2.[C]=O_m3
press_indep,839,CC=C=O_m1.[H]_m2>>C[CH2]_m2.[C]=O_m3
press_indep,840,CC=C=O_m1.[O]_m3>>CC=O_m1.[C]=O_m3
press_indep,841,CC(=O)C_m1>>C[C]=O_m2.[CH3]_m2
press_indep,842,CC(=O)[CH2]_m2.[H]_m2>>CC(=O)C_m1
press_indep,843,CC(=O)C_m1.[OH]_m2>>CC(=O)[CH2]_m2.O_m1
press_indep,844,CC(=O)C_m1.[H]_m2>>CC(=O)[CH2]_m2.[H][H]_m1
press_indep,845,CC(=O)C_m1.[O]_m3>>CC(=O)[CH2]_m2.[OH]_m2
press_indep,846,CC(=O)C_m1.[CH3]_m2>>CC(=O)[CH2]_m2.C_m1
press_indep,847,CC(=O)C_m1.C[O]_m2>>CC(=O)[CH2]_m2.CO_m1
press_indep,848,CC(=O)C_m1.[O][O]_m3>>CC(=O)[CH2]_m2.O[O]_m2
press_indep,849,CC(=O)C_m1.O[O]_m2>>CC(=O)[CH2]_m2.OO_m1
press_indep,850,CC(=O)C_m1.CO[O]_m2>>CC(=O)[CH2]_m2.COO_m1
press_indep,851,CC(=O)C_m1.CC(=O)CO[O]_m2>>CC(=O)[CH2]_m2.CC(=O)COO_m1
press_indep,852,CC(=O)[CH2]_m2.O[O]_m2>>CC(=O)C[O]_m2.[OH]_m2
press_indep,853,CC(=O)[CH2]_m2.CO[O]_m2>>CC(=O)C[O]_m2.C[O]_m2
press_indep,854,CC(=O)C[O]_m2>>C[C]=O_m2.C=O_m1
press_indep,855,CC(=O)[CH2]_m2.[O][O]_m3>>CC(=O)CO[O]_m2
press_indep,856,C=C=O_m1.[CH3]_m2>>CC(=O)[CH2]_m2
press_indep,857,C=O_m1.CC(=O)CO[O]_m2>>[CH]=O_m2.CC(=O)COO_m1
press_indep,858,O[O]_m2.CC(=O)CO[O]_m2>>CC(=O)COO_m1.[O][O]_m3
press_indep,859,C=[CH]_m2.[CH]=O_m2>>C=CC=O_m1
press_indep,860,C=CC=O_m1.[H]_m2>>C=C[C]=O_m2.[H][H]_m1
press_indep,861,C=CC=O_m1.[O]_m3>>C=C[C]=O_m2.[OH]_m2
press_indep,862,C=CC=O_m1.[OH]_m2>>C=C[C]=O_m2.O_m1
press_indep,863,C=CC=O_m1.[O][O]_m3>>C=C[C]=O_m2.O[O]_m2
press_indep,864,C=CC=O_m1.O[O]_m2>>C=C[C]=O_m2.OO_m1
press_indep,865,C=CC=O_m1.[CH3]_m2>>C=C[C]=O_m2.C_m1
press_indep,866,C=CC=O_m1.C=[CH]_m2>>C=C[C]=O_m2.C=C_m1
press_indep,867,C=CC=O_m1.C[O]_m2>>C=C[C]=O_m2.CO_m1
press_indep,868,C=CC=O_m1.CO[O]_m2>>C=C[C]=O_m2.COO_m1
press_indep,869,C=[CH]_m2.[C]=O_m3>>C=C[C]=O_m2
press_indep,870,C[CH2]_m2.[CH]=O_m2>>CCC=O_m1
press_indep,871,CCC=O_m1.[H]_m2>>CC[C]=O_m2.[H][H]_m1
press_indep,872,CCC=O_m1.[O]_m3>>CC[C]=O_m2.[OH]_m2
press_indep,873,CCC=O_m1.[OH]_m2>>CC[C]=O_m2.O_m1
press_indep,874,CCC=O_m1.[CH3]_m2>>CC[C]=O_m2.C_m1
press_indep,875,CCC=O_m1.O[O]_m2>>CC[C]=O_m2.OO_m1
press_indep,876,CCC=O_m1.C[O]_m2>>CC[C]=O_m2.CO_m1
press_indep,877,CCC=O_m1.CO[O]_m2>>CC[C]=O_m2.COO_m1
press_indep,878,CCC=O_m1.C[CH2]_m2>>CC[C]=O_m2.CC_m1
press_indep,879,CCC=O_m1.CC[O]_m2>>CC[C]=O_m2.CCO_m1
press_indep,880,CCC=O_m1.CCO[O]_m2>>CC[C]=O_m2.CCOO_m1
press_indep,881,CCC=O_m1.[O][O]_m3>>CC[C]=O_m2.O[O]_m2
press_indep,882,CCC=O_m1.CC(=O)O[O]_m2>>CC[C]=O_m2.CC(=O)OO_m1
press_indep,883,CCC=O_m1.C=[CH]_m2>>CC[C]=O_m2.C=C_m1
press_indep,884,CCC=O_m1.CC[CH2]_m2>>CC[C]=O_m2.CCC_m1
press_indep,885,CCC=O_m1.C[CH]C_m2>>CC[C]=O_m2.CCC_m1
press_indep,886,CCC=O_m1.[CH2]C=C_m2>>CC[C]=O_m2.CC=C_m1
press_indep,887,C[CH2]_m2.[C]=O_m3>>CC[C]=O_m2
press_indep,888,CCCC_m1>>CCC[CH2]_m2.[H]_m2
press_indep,889,CCCC_m1>>C[CH]CC_m2.[H]_m2
press_indep,890,CCCC_m1.[H]_m2>>CCC[CH2]_m2.[H][H]_m1
press_indep,891,CCCC_m1.[O][O]_m3>>CCC[CH2]_m2.O[O]_m2
press_indep,892,CCCC_m1.[O]_m3>>CCC[CH2]_m2.[OH]_m2
press_indep,893,CCCC_m1.[OH]_m2>>CCC[CH2]_m2.O_m1
press_indep,894,CCCC_m1.O[O]_m2>>CCC[CH2]_m2.OO_m1
press_indep,895,CCCC_m1.[CH3]_m2>>CCC[CH2]_m2.C_m1
press_indep,896,CCCC_m1.C[O]_m2>>CCC[CH2]_m2.CO_m1
press_indep,897,CCCC_m1.CO[O]_m2>>CCC[CH2]_m2.COO_m1
press_indep,898,CCCC_m1.[O]OC=O_m2>>CCC[CH2]_m2.OOC=O_m1
press_indep,899,CCCC_m1.C[CH2]_m2>>CCC[CH2]_m2.CC_m1
press_indep,900,CCCC_m1.C=[CH]_m2>>CCC[CH2]_m2.C=C_m1
press_indep,901,CCCC_m1.CC[O]_m2>>CCC[CH2]_m2.CCO_m1
press_indep,902,CCCC_m1.CCO[O]_m2>>CCC[CH2]_m2.CCOO_m1
press_indep,903,CCCC_m1.CC(=O)O[O]_m2>>CCC[CH2]_m2.CC(=O)OO_m1
press_indep,904,CCCC_m1.[CH2]C=C_m2>>CCC[CH2]_m2.CC=C_m1
press_indep,905,CCCC_m1.CCCO[O]_m2>>CCC[CH2]_m2.CCCOO_m1
press_indep,906,CCCC_m1.[O]OC(C)C_m2>>CCC[CH2]_m2.OOC(C)C_m1
press_indep,907,CCCC_m1.CCC[CH2]_m2>>C[CH]CC_m2.CCCC_m1
press_indep,908,CCCC_m1.CCCCO[O]_m2>>CCC[CH2]_m2.CCCCOO_m1
press_indep,909,CCCC_m1.CC(O[O])CC_m2>>CCC[CH2]_m2.CC(OO)CC_m1
press_indep,910,CCCC_m1.[O]OCC(C)C_m2>>CCC[CH2]_m2.OOCC(C)C_m1
press_indep,911,CCCC_m1.[O]OC(C)(C)C_m2>>CCC[CH2]_m2.OOC(C)(C)C_m1
press_indep,912,CCCC_m1.[H]_m2>>C[CH]CC_m2.[H][H]_m1
press_indep,913,CCCC_m1.[O][O]_m3>>C[CH]CC_m2.O[O]_m2
press_indep,914,CCCC_m1.[O]_m3>>C[CH]CC_m2.[OH]_m2
press_indep,915,CCCC_m1.[OH]_m2>>C[CH]CC_m2.O_m1
press_indep,916,CCCC_m1.O[O]_m2>>C[CH]CC_m2.OO_m1
press_indep,917,CCCC_m1.[CH3]_m2>>C[CH]CC_m2.C_m1
press_indep,918,CCCC_m1.C[O]_m2>>C[CH]CC_m2.CO_m1
press_indep,919,CCCC_m1.CO[O]_m2>>C[CH]CC_m2.COO_m1
press_indep,920,CCCC_m1.[O]OC=O_m2>>C[CH]CC_m2.OOC=O_m1
press_indep,921,CCCC_m1.C[CH2]_m2>>C[CH]CC_m2.CC_m1
press_indep,922,CCCC_m1.C=[CH]_m2>>C[CH]CC_m2.C=C_m1
press_indep,923,CCCC_m1.CC[O]_m2>>C[CH]CC_m2.CCO_m1
press_indep,924,CCCC_m1.CCO[O]_m2>>C[CH]CC_m2.CCOO_m1
press_indep,925,CCCC_m1.CC(=O)O[O]_m2>>C[CH]CC_m2.CC(=O)OO_m1
press_indep,926,CCCC_m1.[CH2]C=C_m2>>C[CH]CC_m2.CC=C_m1
press_indep,927,CCCC_m1.CCCO[O]_m2>>C[CH]CC_m2.CCCOO_m1
press_indep,928,CCCC_m1.[O]OC(C)C_m2>>C[CH]CC_m2.OOC(C)C_m1
press_indep,929,CCCC_m1.CCCCO[O]_m2>>C[CH]CC_m2.CCCCOO_m1
press_indep,930,CCCC_m1.CC(O[O])CC_m2>>C[CH]CC_m2.CC(OO)CC_m1
press_indep,931,CCCC_m1.[O]OCC(C)C_m2>>C[CH]CC_m2.OOCC(C)C_m1
press_indep,932,CCCC_m1.[O]OC(C)(C)C_m2>>C[CH]CC_m2.OOC(C)(C)C_m1
press_indep,933,CCC[CH2]_m2.O[O]_m2>>CCCC[O]_m2.[OH]_m2
press_indep,934,CO[O]_m2.CCC[CH2]_m2>>C[O]_m2.CCCC[O]_m2
press_indep,935,C[CH]CC_m2.O[O]_m2>>CCC([O])C_m2.[OH]_m2
press_indep,936,C[CH]CC_m2.CO[O]_m2>>C[O]_m2.CCC([O])C_m2
low_p,0,[H][H]_m1>>[H]_m2.[H]_m2
low_p,1,[O]_m3.[O]_m3>>[O][O]_m3
low_p,2,[H]_m2.[OH]_m2>>O_m1
low_p,3,[O]_m3.[H]_m2>>[OH]_m2
low_p,4,[CH]=O_m2>>[H]_m2.[C]=O_m3
low_p,5,CC(=O)[O]_m2>>[CH3]_m2.O=C=O_m1
low_p,6,[CH]_m4.[C]=O_m3>>[CH]=C=O_m2
low_p,7,C=C=[C]_m1>>C=C=[C]_m3
falloff,0,OO_m1>>[OH]_m2.[OH]_m2
falloff,1,[H]_m2.[O][O]_m3>>O[O]_m2
falloff,2,[C]=O_m3.[O]_m3>>O=C=O_m1
falloff,3,[CH3]_m2.[H]_m2>>C_m1
falloff,4,[CH2]_m3.[H]_m2>>[CH3]_m2
falloff,5,[CH3]_m2.[O][O]_m3>>CO[O]_m2
falloff,6,CO_m1>>[CH3]_m2.[OH]_m2
falloff,7,CO_m1>>[CH2]_m1.O_m1
falloff,8,CO_m1>>[CH2]O_m2.[H]_m2
falloff,9,[CH]=O_m2.[H]_m2>>C=O_m1
falloff,10,[C]=O_m3.[H][H]_m1>>C=O_m1
falloff,11,C=O_m1.[H]_m2>>[CH2]O_m2
falloff,12,C[O]_m2>>C=O_m1.[H]_m2
falloff,13,[CH3]_m2.[CH3]_m2>>CC_m1
falloff,14,C[CH2]_m2.[H]_m2>>CC_m1
falloff,15,C=C_m1.[H]_m2>>C[CH2]_m2
falloff,16,C=[CH]_m2.[H]_m2>>C=C_m1
falloff,17,C=C_m1>>[H][H]_m1.C=[C]_m3
falloff,18,C#C_m1.[H]_m2>>C=[CH]_m2
falloff,19,C#[C]_m2.[H]_m2>>C#C_m1
falloff,20,C#C_m1>>C=[C]_m3
falloff,21,CC=O_m1>>[CH3]_m2.[CH]=O_m2
falloff,22,CC=O_m1>>C_m1.[C]=O_m3
falloff,23,C[C]=O_m2>>[CH3]_m2.[C]=O_m3
falloff,24,C[C]=O_m2>>C=C=O_m1.[H]_m2
falloff,25,[CH2]C=O_m2>>C=C=O_m1.[H]_m2
falloff,26,[CH2]C=O_m2>>[CH3]_m2.[C]=O_m3
falloff,27,[CH2]_m3.[C]=O_m3>>C=C=O_m1
falloff,28,COC_m1>>[CH3]_m2.C[O]_m2
falloff,29,CCC_m1>>[CH3]_m2.C[CH2]_m2
falloff,30,C=[CH]_m2.[CH3]_m2>>CC=C_m1
falloff,31,CCCC_m1>>C[CH2]_m2.C[CH2]_m2
falloff,32,CCCC_m1>>CC[CH2]_m2.[CH3]_m2
falloff,33,CC(C)C_m1>>[CH3]_m2.C[CH]C_m2
falloff,34,[CH2]C=C_m2.[CH3]_m2>>CCC=C_m1
falloff,35,C[CH2]_m2.C=[CH]_m2>>CCC=C_m1
falloff,36,[CH2]CC=C_m2.[H]_m2>>CCC=C_m1
falloff,37,CC=[CH]_m2.[CH3]_m2>>CC=CC_m1
falloff,38,[CH2]C#C_m2.[CH3]_m2>>CC=C=C_m1
falloff,39,C#C_m1.C#[C]_m2>>[CH]=CC#C_m2
falloff,40,C#C_m1.C#[C]_m2>>C=[C]C#C_m2
falloff,41,C=[C]_m3.C#C_m1>>C=CC#C_m1
falloff,42,C[CH]C=C_m2.[CH3]_m2>>CCC=CC_m1
falloff,43,C[CH]C=C_m2.[CH3]_m2>>C=CC(C)C_m1
falloff,44,CC(=C)[CH2]_m2.[CH3]_m2>>CCC(=C)C_m1
falloff,45,CCCCCC[CH2]_m2>>C=C_m1.CCCC[CH2]_m2
falloff,46,C[CH]CCCCC_m2>>CCC[CH2]_m2.CC=C_m1
falloff,47,CC[CH]CCCC_m2>>CC[CH2]_m2.CCC=C_m1
falloff,48,CC[CH]CCCC_m2>>CCCCC=C_m1.[CH3]_m2
falloff,49,CCC[CH]CCC_m2>>C[CH2]_m2.CCCC=C_m1
falloff,50,c1[c]cccc1_m2.[H]_m2>>c1ccccc1_m1
falloff,51,[O]c1ccccc1_m2.[H]_m2>>Oc1ccccc1_m1
falloff,52,[CH]1C=CC=C1_m2.[H]_m2>>C1C=CC=C1_m1
falloff,53,C1C=CC=C1_m1>>C=C=C_m1.C#C_m1
falloff,54,[CH2]C=CC=C_m2.[H]_m2>>CC=CC=C_m1
