i_,name,mult,inchi
0,AR,1,InChI=1S/Ar
1,N2,1,InChI=1S/N2/c1-2
2,HE,1,InChI=1S/He
3,H2,1,InChI=1S/H2/h1H
4,H,2,InChI=1S/H
5,O2,3,InChI=1S/O2/c1-2
6,O,3,InChI=1S/O
7,H2O,1,InChI=1S/H2O/h1H2
8,OH,2,InChI=1S/HO/h1H
9,H2O2,1,InChI=1S/H2O2/c1-2/h1-2H
10,HO2,2,InChI=1S/HO2/c1-2/h1H
11,CO,1,InChI=1S/CO/c1-2
12,CO2,1,InChI=1S/CO2/c2-1-3
13,HOCO,2,"InChI=1S/CHO2/c2-1-3/h(H,2,3)"
14,CH4,1,InChI=1S/CH4/h1H4
15,CH3,2,InChI=1S/CH3/h1H3
16,CH2,3,InChI=1S/CH2/h1H2
17,CH2(S),1,InChI=1S/CH2/h1H2
18,C,3,InChI=1S/CH2/h1H2
19,CH,2,InChI=1S/CH3/h1H3
20,CH3O2H,1,"InChI=1S/CH4O2/c1-3-2/h2H,1H3"
21,CH3O2,2,InChI=1S/CH3O2/c1-3-2/h1H3
22,CH2O2H,2,"InChI=1S/CH3O2/c1-3-2/h2H,1H2"
23,CH3OH,1,"InChI=1S/CH4O/c1-2/h2H,1H3"
24,CH3O,2,InChI=1S/CH3O/c1-2/h1H3
25,CH2OH,2,"InChI=1S/CH3O/c1-2/h2H,1H2"
26,CH2O,1,InChI=1S/CH2O/c1-2/h1H2
27,HCO,2,InChI=1S/CHO/c1-2/h1H
28,HCOH,1,InChI=1S/CH2O/c1-2/h1-2H
29,HO2CHO,1,"InChI=1S/CH2O3/c2-1-4-3/h1,3H"
30,HOCH2O2H,1,"InChI=1S/CH4O3/c2-1-4-3/h2-3H,1H2"
31,HOCH2O2,2,"InChI=1S/CH3O3/c2-1-4-3/h2H,1H2"
32,OCH2O2H,2,"InChI=1S/CH3O3/c2-1-4-3/h3H,1H2"
33,HOCH2O,2,"InChI=1S/CH3O2/c2-1-3/h2H,1H2"
34,O2CHO,2,InChI=1S/CHO3/c2-1-4-3/h1H
35,HOCHO,1,"InChI=1S/CH2O2/c2-1-3/h1H,(H,2,3)"
36,OCHO,2,InChI=1S/CHO2/c2-1-3/h1H
37,C2H6,1,InChI=1S/C2H6/c1-2/h1-2H3
38,C2H5,2,"InChI=1S/C2H5/c1-2/h1H2,2H3"
39,C2H5O2H,1,"InChI=1S/C2H6O2/c1-2-4-3/h3H,2H2,1H3"
40,C2H5O2,2,"InChI=1S/C2H5O2/c1-2-4-3/h2H2,1H3"
41,C2H4,1,InChI=1S/C2H4/c1-2/h1-2H2
42,C2H3,2,"InChI=1S/C2H3/c1-2/h1H,2H2"
43,CHOCHO,1,InChI=1S/C2H2O2/c3-1-2-4/h1-2H
44,C2H3OOH,1,"InChI=1S/C2H4O2/c1-2-4-3/h2-3H,1H2"
45,C2H3OO,2,"InChI=1S/C2H3O2/c1-2-4-3/h2H,1H2"
46,CHCHO,3,"InChI=1S/C2H4O/c1-2-3/h1,3H,2H2"
47,C2H2,1,InChI=1S/C2H2/c1-2/h1-2H
48,C2H,2,InChI=1S/C2H/c1-2/h1H
49,H2CC,1,InChI=1S/C2H2/c1-2/h1H2
50,C2H5OH,1,"InChI=1S/C2H6O/c1-2-3/h3H,2H2,1H3"
51,C2H5O,2,"InChI=1S/C2H5O/c1-2-3/h2H2,1H3"
52,PC2H4OH,2,"InChI=1S/C2H5O/c1-2-3/h3H,1-2H2"
53,SC2H4OH,2,"InChI=1S/C2H5O/c1-2-3/h2-3H,1H3"
54,O2C2H4OH,2,"InChI=1S/C2H5O3/c3-1-2-5-4/h3H,1-2H2"
55,C2H4O2H,2,"InChI=1S/C2H5O2/c1-2-4-3/h3H,1-2H2"
56,C2H4O1-2,1,InChI=1S/C2H4O/c1-2-3-1/h1-2H2
57,C2H3O1-2,2,"InChI=1S/C2H3O/c1-2-3-1/h1H,2H2"
58,CH3CHO,1,"InChI=1S/C2H4O/c1-2-3/h2H,1H3"
59,CH3CO,2,InChI=1S/C2H3O/c1-2-3/h1H3
60,CH2CHO,2,"InChI=1S/C2H3O/c1-2-3/h2H,1H2"
61,O2CH2CHO,2,"InChI=1S/C2H3O3/c3-1-2-5-4/h1H,2H2"
62,HO2CH2CO,2,"InChI=1S/C2H3O3/c3-1-2-5-4/h4H,2H2"
63,C2H3OH,1,"InChI=1S/C2H4O/c1-2-3/h2-3H,1H2"
64,C2H2OH,2,InChI=1S/C2H3O/c1-2-3/h1-3H
65,CH2CO,1,InChI=1S/C2H2O/c1-2-3/h1H2
66,HCCO,2,InChI=1S/C2HO/c1-2-3/h1H
67,HCCOH,1,"InChI=1S/C2H2O/c1-2-3/h1,3H"
68,CH3CO3H,1,"InChI=1S/C2H4O3/c1-2(3)5-4/h4H,1H3"
69,CH3CO3,2,InChI=1S/C2H3O3/c1-2(3)5-4/h1H3
70,CH3CO2,2,InChI=1S/C2H3O2/c1-2(3)4/h1H3
71,CH3OCH3,1,InChI=1S/C2H6O/c1-3-2/h1-2H3
72,CH3OCH2,2,"InChI=1S/C2H5O/c1-3-2/h1H2,2H3"
73,CH3OCH2O2H,1,"InChI=1S/C2H6O3/c1-4-2-5-3/h3H,2H2,1H3"
74,CH3OCH2O2,2,"InChI=1S/C2H5O3/c1-4-2-5-3/h2H2,1H3"
75,CH2OCH2O2H,2,"InChI=1S/C2H5O3/c1-4-2-5-3/h3H,1-2H2"
76,O2CH2OCH2O2H,2,"InChI=1S/C2H5O5/c3-6-1-5-2-7-4/h3H,1-2H2"
77,HO2CH2OCHO,1,"InChI=1S/C2H4O4/c3-1-5-2-6-4/h1,4H,2H2"
78,OCH2OCHO,2,"InChI=1S/C2H3O3/c3-1-5-2-4/h1H,2H2"
79,HOCH2OCO,2,"InChI=1S/C2H3O3/c3-1-5-2-4/h3H,1H2"
80,CH3OCH2O,2,"InChI=1S/C2H5O2/c1-4-2-3/h2H2,1H3"
81,CH3OCHO,1,"InChI=1S/C2H4O2/c1-4-2-3/h2H,1H3"
82,CH3OCO,2,InChI=1S/C2H3O2/c1-4-2-3/h1H3
83,CH2OCHO,2,"InChI=1S/C2H3O2/c1-4-2-3/h2H,1H2"
84,C3H8,1,"InChI=1S/C3H8/c1-3-2/h3H2,1-2H3"
85,IC3H7,2,"InChI=1S/C3H7/c1-3-2/h3H,1-2H3"
86,NC3H7,2,"InChI=1S/C3H7/c1-3-2/h1,3H2,2H3"
87,NC3H7O2H,1,"InChI=1S/C3H8O2/c1-2-3-5-4/h4H,2-3H2,1H3"
88,NC3H7O2,2,"InChI=1S/C3H7O2/c1-2-3-5-4/h2-3H2,1H3"
89,IC3H7O2H,1,"InChI=1S/C3H8O2/c1-3(2)5-4/h3-4H,1-2H3"
90,IC3H7O2,2,"InChI=1S/C3H7O2/c1-3(2)5-4/h3H,1-2H3"
91,NC3H7O,2,"InChI=1S/C3H7O/c1-2-3-4/h2-3H2,1H3"
92,IC3H7O,2,"InChI=1S/C3H7O/c1-3(2)4/h3H,1-2H3"
93,C3H6OOH1-2,2,"InChI=1S/C3H7O2/c1-2-3-5-4/h2,4H,3H2,1H3"
94,C3H6OOH1-3,2,"InChI=1S/C3H7O2/c1-2-3-5-4/h4H,1-3H2"
95,C3H6OOH2-1,2,"InChI=1S/C3H7O2/c1-3(2)5-4/h3-4H,1H2,2H3"
96,C3H6OOH1-2O2,2,"InChI=1S/C3H7O4/c1-3(7-5)2-6-4/h3-4H,2H2,1H3"
97,C3H6OOH1-3O2,2,"InChI=1S/C3H7O4/c4-6-2-1-3-7-5/h4H,1-3H2"
98,C3H6OOH2-1O2,2,"InChI=1S/C3H7O4/c1-3(7-5)2-6-4/h3,5H,2H2,1H3"
99,C3KET12,1,"InChI=1S/C3H6O3/c1-3(2-4)6-5/h2-3,5H,1H3"
100,C3KET13,1,"InChI=1S/C3H6O3/c4-2-1-3-6-5/h2,5H,1,3H2"
101,"C3H51-2,3OOH",2,"InChI=1S/C3H7O4/c1-3(7-5)2-6-4/h3-5H,1-2H2"
102,"C3H52-1,3OOH",2,"InChI=1S/C3H7O4/c4-6-2-1-3-7-5/h1,4-5H,2-3H2"
103,C3H5O1-2OOH-3,1,"InChI=1S/C3H6O3/c4-6-2-3-1-5-3/h3-4H,1-2H2"
104,C3H5O1-3OOH-2,1,"InChI=1S/C3H6O3/c4-6-3-1-5-2-3/h3-4H,1-2H2"
105,C3H6O1-2,1,"InChI=1S/C3H6O/c1-3-2-4-3/h3H,2H2,1H3"
106,C3H6O1-3,1,InChI=1S/C3H6O/c1-2-4-3-1/h1-3H2
107,C3H6,1,"InChI=1S/C3H6/c1-3-2/h3H,1H2,2H3"
108,C3H5-A,2,"InChI=1S/C3H5/c1-3-2/h3H,1-2H2"
109,C3H5-S,2,"InChI=1S/C3H5/c1-3-2/h1,3H,2H3"
110,C3H5-T,2,"InChI=1S/C3H5/c1-3-2/h1H2,2H3"
111,CC3H6,1,InChI=1S/C3H6/c1-2-3-1/h1-3H2
112,C3H5O,2,"InChI=1S/C3H5O/c1-2-3-4/h2H,1,3H2"
113,CH2CHOCH2,2,"InChI=1S/C3H5O/c1-3-4-2/h3H,1-2H2"
114,CH3CHCHO,2,"InChI=1S/C3H5O/c1-2-3-4/h2-3H,1H3"
115,AC4H7OOH,1,"InChI=1S/C4H8O2/c1-3-4-6-5-2/h3H,1,4H2,2H3"
116,C3H6OH1-2,2,"InChI=1S/C3H7O/c1-2-3-4/h2,4H,3H2,1H3"
117,CH3CHCO,1,"InChI=1S/C3H4O/c1-2-3-4/h2H,1H3"
118,AC3H5OOH,1,"InChI=1S/C3H6O2/c1-2-3-5-4/h2,4H,1,3H2"
119,C3H6OH2-1,2,"InChI=1S/C3H7O/c1-3(2)4/h3-4H,1H2,2H3"
120,HOC3H6O2,2,"InChI=1S/C3H7O3/c1-3(2-4)6-5/h3-4H,2H2,1H3"
121,SC3H5OH,1,"InChI=1S/C3H6O/c1-2-3-4/h2-4H,1H3"
122,IC3H5OH,1,"InChI=1S/C3H6O/c1-3(2)4/h4H,1H2,2H3"
123,C3H5OH,1,"InChI=1S/C3H6O/c1-2-3-4/h2,4H,1,3H2"
124,CH2CCH2OH,2,"InChI=1S/C3H5O/c1-2-3-4/h4H,1,3H2"
125,C3H4-P,1,"InChI=1S/C3H4/c1-3-2/h1H,2H3"
126,C3H4-A,1,InChI=1S/C3H4/c1-3-2/h1-2H2
127,C3H3,2,"InChI=1S/C3H3/c1-3-2/h1H,2H2"
128,CC3H4,1,"InChI=1S/C3H4/c1-2-3-1/h1-2H,3H2"
129,C3H2,1,InChI=1S/C3H2/c1-3-2/h1H2
130,H2CCC(S),1,InChI=1S/C3H2/c1-3-2/h1H2
131,C3H2(S),1,InChI=1S/C3H2/c1-3-2/h1H2
132,C3H2C,3,InChI=1S/C3H2/c1-2-3-1/h1-2H
133,PC3H4OH-2,2,"InChI=1S/C3H5O/c1-2-3-4/h3-4H,1H3"
134,SC3H4OH,2,"InChI=1S/C3H5O/c1-3(2)4/h4H,1-2H2"
135,C3H3O,2,"InChI=1S/C3H3O/c1-2-3-4/h3H,1H2"
136,C3H3O2H,1,"InChI=1S/C3H4O2/c1-2-3-5-4/h3-4H,1H2"
137,C2HCHO,1,"InChI=1S/C3H2O/c1-2-3-4/h1,3H"
138,C2H5CHO,1,"InChI=1S/C3H6O/c1-2-3-4/h3H,2H2,1H3"
139,C2H5CO,2,"InChI=1S/C3H5O/c1-2-3-4/h2H2,1H3"
140,CH2CH2CHO,2,"InChI=1S/C3H5O/c1-2-3-4/h3H,1-2H2"
141,C2H3CHO,1,"InChI=1S/C3H4O/c1-2-3-4/h2-3H,1H2"
142,C2H3CO,2,"InChI=1S/C3H3O/c1-2-3-4/h2H,1H2"
143,CH3COCH3,1,InChI=1S/C3H6O/c1-3(2)4/h1-2H3
144,CH3COCH2,2,"InChI=1S/C3H5O/c1-3(2)4/h1H2,2H3"
145,CH3COCH2O2,2,"InChI=1S/C3H5O3/c1-3(4)2-6-5/h2H2,1H3"
146,CH3COCH2O,2,"InChI=1S/C3H5O2/c1-3(5)2-4/h2H2,1H3"
147,C3KET21,1,"InChI=1S/C3H6O3/c1-3(4)2-6-5/h5H,2H2,1H3"
148,C4H10,1,"InChI=1S/C4H10/c1-3-4-2/h3-4H2,1-2H3"
149,PC4H9,2,"InChI=1S/C4H9/c1-3-4-2/h1,3-4H2,2H3"
150,SC4H9,2,"InChI=1S/C4H9/c1-3-4-2/h3H,4H2,1-2H3"
151,PC4H9O,2,"InChI=1S/C4H9O/c1-2-3-4-5/h2-4H2,1H3"
152,SC4H9O,2,"InChI=1S/C4H9O/c1-3-4(2)5/h4H,3H2,1-2H3"
153,PC4H9O2,2,"InChI=1S/C4H9O2/c1-2-3-4-6-5/h2-4H2,1H3"
154,SC4H9O2,2,"InChI=1S/C4H9O2/c1-3-4(2)6-5/h4H,3H2,1-2H3"
155,PC4H9O2H,1,"InChI=1S/C4H10O2/c1-2-3-4-6-5/h5H,2-4H2,1H3"
156,SC4H9O2H,1,"InChI=1S/C4H10O2/c1-3-4(2)6-5/h4-5H,3H2,1-2H3"
157,C4H8OOH1-2,2,"InChI=1S/C4H9O2/c1-2-3-4-6-5/h3,5H,2,4H2,1H3"
158,C4H8OOH1-3,2,"InChI=1S/C4H9O2/c1-2-3-4-6-5/h2,5H,3-4H2,1H3"
159,C4H8OOH1-4,2,"InChI=1S/C4H9O2/c1-2-3-4-6-5/h5H,1-4H2"
160,C4H8OOH2-1,2,"InChI=1S/C4H9O2/c1-3-4(2)6-5/h4-5H,2-3H2,1H3"
161,C4H8OOH2-3,2,"InChI=1S/C4H9O2/c1-3-4(2)6-5/h3-5H,1-2H3"
162,C4H8OOH2-4,2,"InChI=1S/C4H9O2/c1-3-4(2)6-5/h4-5H,1,3H2,2H3"
163,C4H8O1-2,1,"InChI=1S/C4H8O/c1-2-4-3-5-4/h4H,2-3H2,1H3"
164,C4H8O1-3,1,"InChI=1S/C4H8O/c1-4-2-3-5-4/h4H,2-3H2,1H3"
165,C4H8O1-4,1,InChI=1S/C4H8O/c1-2-4-5-3-1/h1-4H2
166,C4H8O2-3,1,"InChI=1S/C4H8O/c1-3-4(2)5-3/h3-4H,1-2H3"
167,C4H8OOH1-2O2,2,"InChI=1S/C4H9O4/c1-2-4(8-6)3-7-5/h4-5H,2-3H2,1H3"
168,C4H8OOH1-3O2,2,"InChI=1S/C4H9O4/c1-4(8-6)2-3-7-5/h4-5H,2-3H2,1H3"
169,C4H8OOH1-4O2,2,"InChI=1S/C4H9O4/c5-7-3-1-2-4-8-6/h5H,1-4H2"
170,C4H8OOH2-1O2,2,"InChI=1S/C4H9O4/c1-2-4(8-6)3-7-5/h4,6H,2-3H2,1H3"
171,C4H8OOH2-3O2,2,"InChI=1S/C4H9O4/c1-3(7-5)4(2)8-6/h3-5H,1-2H3"
172,C4H8OOH2-4O2,2,"InChI=1S/C4H9O4/c1-4(8-6)2-3-7-5/h4,6H,2-3H2,1H3"
173,"C4H71-2,4OOH",2,"InChI=1S/C4H9O4/c1-4(8-6)2-3-7-5/h4-6H,1-3H2"
174,"C4H72-1,3OOH",2,"InChI=1S/C4H9O4/c1-4(8-6)2-3-7-5/h2,4-6H,3H2,1H3"
175,"C4H72-1,4OOH",2,"InChI=1S/C4H9O4/c5-7-3-1-2-4-8-6/h1,5-6H,2-4H2"
176,"C4H71-2,3OOH",2,"InChI=1S/C4H9O4/c1-3(7-5)4(2)8-6/h3-6H,1H2,2H3"
177,C4H7O1-3OOH-4,1,"InChI=1S/C4H8O3/c5-7-3-4-1-2-6-4/h4-5H,1-3H2"
178,C4H7O1-3OOH-2,1,"InChI=1S/C4H8O3/c1-3-4(7-5)2-6-3/h3-5H,2H2,1H3"
179,C4H7O1-2OOH-4,1,"InChI=1S/C4H8O3/c5-7-2-1-4-3-6-4/h4-5H,1-3H2"
180,C4H7O1-4OOH-2,1,"InChI=1S/C4H8O3/c5-7-4-1-2-6-3-4/h4-5H,1-3H2"
181,C4H7O1-2OOH-3,1,"InChI=1S/C4H8O3/c1-3(7-5)4-2-6-4/h3-5H,2H2,1H3"
182,C4H7O2-3OOH-1,1,"InChI=1S/C4H8O3/c1-3-4(7-3)2-6-5/h3-5H,2H2,1H3"
183,C4H72-1OOH,1,"InChI=1S/C4H8O2/c1-2-3-4-6-5/h2-3,5H,4H2,1H3"
184,NC4KET12,1,"InChI=1S/C4H8O3/c1-2-4(3-5)7-6/h3-4,6H,2H2,1H3"
185,NC4KET13,1,"InChI=1S/C4H8O3/c1-4(7-6)2-3-5/h3-4,6H,2H2,1H3"
186,NC4KET14,1,"InChI=1S/C4H8O3/c5-3-1-2-4-7-6/h3,6H,1-2,4H2"
187,NC4KET21,1,"InChI=1S/C4H8O3/c1-2-4(5)3-7-6/h6H,2-3H2,1H3"
188,NC4KET23,1,"InChI=1S/C4H8O3/c1-3(5)4(2)7-6/h4,6H,1-2H3"
189,NC4KET24,1,"InChI=1S/C4H8O3/c1-4(5)2-3-7-6/h6H,2-3H2,1H3"
190,C4H71-3OOH,1,"InChI=1S/C4H8O2/c1-3-4(2)6-5/h3-5H,1H2,2H3"
191,"C4H71-3,4OOH",2,"InChI=1S/C4H9O4/c1-2-4(8-6)3-7-5/h4-6H,1-3H2"
192,"C4H72-3,4OOH",2,"InChI=1S/C4H9O4/c1-2-4(8-6)3-7-5/h2,4-6H,3H2,1H3"
193,HO2CH2CHO,1,"InChI=1S/C2H4O3/c3-1-2-5-4/h1,4H,2H2"
194,IC4H10,1,"InChI=1S/C4H10/c1-4(2)3/h4H,1-3H3"
195,IC4H9,2,"InChI=1S/C4H9/c1-4(2)3/h4H,1H2,2-3H3"
196,TC4H9,2,InChI=1S/C4H9/c1-4(2)3/h1-3H3
197,TC4H9O,2,"InChI=1S/C4H9O/c1-4(2,3)5/h1-3H3"
198,IC4H9O,2,"InChI=1S/C4H9O/c1-4(2)3-5/h4H,3H2,1-2H3"
199,IC4H8O,1,"InChI=1S/C4H8O/c1-4(2)3-5-4/h3H2,1-2H3"
200,IC3H7CHO,1,"InChI=1S/C4H8O/c1-4(2)3-5/h3-4H,1-2H3"
201,IC3H7CO,2,"InChI=1S/C4H7O/c1-4(2)3-5/h4H,1-2H3"
202,IC3H6CHO,2,"InChI=1S/C4H7O/c1-4(2)3-5/h3-4H,1H2,2H3"
203,TC3H6CHO,2,"InChI=1S/C4H7O/c1-4(2)3-5/h3H,1-2H3"
204,IC3H5CHO,1,"InChI=1S/C4H6O/c1-4(2)3-5/h3H,1H2,2H3"
205,TC3H6O2CHO,2,"InChI=1S/C4H7O3/c1-4(2,3-5)7-6/h3H,1-2H3"
206,IC3H5O2HCHO,2,"InChI=1S/C4H7O3/c1-4(2,3-5)7-6/h3,6H,1H2,2H3"
207,TC3H6O2HCO,2,"InChI=1S/C4H7O3/c1-4(2,3-5)7-6/h6H,1-2H3"
208,TC3H6OCHO,2,"InChI=1S/C4H7O2/c1-4(2,6)3-5/h3H,1-2H3"
209,IC3H6CO,1,InChI=1S/C4H6O/c1-4(2)3-5/h1-2H3
210,IC3H5CO,2,"InChI=1S/C4H5O/c1-4(2)3-5/h1H2,2H3"
211,IC3H4CHO-A,2,"InChI=1S/C4H5O/c1-4(2)3-5/h3H,1-2H2"
212,SC4H7OH-I,1,"InChI=1S/C4H8O/c1-4(2)3-5/h3,5H,1-2H3"
213,IC4H9O2,2,"InChI=1S/C4H9O2/c1-4(2)3-6-5/h4H,3H2,1-2H3"
214,TC4H9O2,2,"InChI=1S/C4H9O2/c1-4(2,3)6-5/h1-3H3"
215,IC4H8O2H-I,2,"InChI=1S/C4H9O2/c1-4(2)3-6-5/h4-5H,1,3H2,2H3"
216,IC4H8O2H-T,2,"InChI=1S/C4H9O2/c1-4(2)3-6-5/h5H,3H2,1-2H3"
217,TC4H8O2H-I,2,"InChI=1S/C4H9O2/c1-4(2,3)6-5/h5H,1H2,2-3H3"
218,CC4H8O,1,"InChI=1S/C4H8O/c1-4-2-5-3-4/h4H,2-3H2,1H3"
219,IC4H8OOH-IO2,2,"InChI=1S/C4H9O4/c1-4(2-7-5)3-8-6/h4-5H,2-3H2,1H3"
220,IC4H8OOH-TO2,2,"InChI=1S/C4H9O4/c1-4(2,8-6)3-7-5/h5H,3H2,1-2H3"
221,TC4H8OOH-IO2,2,"InChI=1S/C4H9O4/c1-4(2,8-6)3-7-5/h6H,3H2,1-2H3"
222,IC4KETII,1,"InChI=1S/C4H8O3/c1-4(2-5)3-7-6/h2,4,6H,3H2,1H3"
223,IC4KETIT,1,"InChI=1S/C4H8O3/c1-4(2,3-5)7-6/h3,6H,1-2H3"
224,TIC4H7Q2-I,2,"InChI=1S/C4H9O4/c1-4(2,8-6)3-7-5/h5-6H,1,3H2,2H3"
225,IIC4H7Q2-I,2,"InChI=1S/C4H9O4/c1-4(2-7-5)3-8-6/h4-6H,1-3H2"
226,IIC4H7Q2-T,2,"InChI=1S/C4H9O4/c1-4(2-7-5)3-8-6/h5-6H,2-3H2,1H3"
227,IC4H7OOH,1,"InChI=1S/C4H8O2/c1-4(2)3-6-5/h5H,1,3H2,2H3"
228,IC4H9O2H,1,"InChI=1S/C4H10O2/c1-4(2)3-6-5/h4-5H,3H2,1-2H3"
229,TC4H9O2H,1,"InChI=1S/C4H10O2/c1-4(2,3)6-5/h5H,1-3H3"
230,IC4H8,1,"InChI=1S/C4H8/c1-4(2)3/h1H2,2-3H3"
231,IC4H7,2,"InChI=1S/C4H7/c1-4(2)3/h1-2H2,3H3"
232,IC4H7-I1,2,"InChI=1S/C4H7/c1-4(2)3/h1H,2-3H3"
233,IC4H7O2,2,"InChI=1S/C4H7O2/c1-4(2)3-6-5/h1,3H2,2H3"
234,IC4H6OOH-I,2,"InChI=1S/C4H7O2/c1-4(2)3-6-5/h5H,1-3H2"
235,CCYCCOOC-T1,2,"InChI=1S/C4H7O2/c1-4-2-5-6-3-4/h2-3H2,1H3"
236,C2CYCOOC-I1,2,"InChI=1S/C4H7O2/c1-4(2)3-5-6-4/h1,3H2,2H3"
237,IC4H7O,2,"InChI=1S/C4H7O/c1-4(2)3-5/h1,3H2,2H3"
238,CVCYCCOC,1,InChI=1S/C4H6O/c1-4-2-5-3-4/h1-3H2
239,CCYC2OCO,2,"InChI=1S/C4H7O2/c1-4(2-5)3-6-4/h2-3H2,1H3"
240,CCYCCOOC-I2,2,"InChI=1S/C4H7O2/c1-4-2-5-6-3-4/h2,4H,3H2,1H3"
241,CHOIC3H6O,2,"InChI=1S/C4H7O2/c1-4(2-5)3-6/h2,4H,3H2,1H3"
242,IC3H5OOCH2,2,"InChI=1S/C4H7O2/c1-4(2)6-5-3/h1,3H2,2H3"
243,CCYCCO-T1,2,"InChI=1S/C3H5O/c1-3-2-4-3/h2H2,1H3"
244,IC4H8OH-IT,2,"InChI=1S/C4H9O/c1-4(2)3-5/h5H,3H2,1-2H3"
245,IC4H8OH-TI,2,"InChI=1S/C4H9O/c1-4(2,3)5/h5H,1H2,2-3H3"
246,IC4H7OH,1,"InChI=1S/C4H8O/c1-4(2)3-5/h5H,1,3H2,2H3"
247,IC4H8OH,2,"InChI=1S/C4H9O/c1-4(2)3-5/h4-5H,1,3H2,2H3"
248,IC4H6OH,2,"InChI=1S/C4H7O/c1-4(2)3-5/h3,5H,1H2,2H3"
249,TQJC4H8OH,2,"InChI=1S/C4H9O3/c1-4(2,3-5)7-6/h5H,3H2,1-2H3"
250,TQC4H8OI,2,"InChI=1S/C4H9O3/c1-4(2,3-5)7-6/h6H,3H2,1-2H3"
251,QC4H7OHP,2,"InChI=1S/C4H9O3/c1-4(2,3-5)7-6/h5-6H,1,3H2,2H3"
252,TQC4H7OHI,2,"InChI=1S/C4H9O3/c1-4(2,3-5)7-6/h3,5-6H,1-2H3"
253,CCY(CCO)COH,1,"InChI=1S/C4H8O2/c1-4(2-5)3-6-4/h5H,2-3H2,1H3"
254,C2CY(COC)OH,1,"InChI=1S/C4H8O2/c1-4(2)3(5)6-4/h3,5H,1-2H3"
255,IQJC4H8OH,2,"InChI=1S/C4H9O3/c1-4(2,5)3-7-6/h5H,3H2,1-2H3"
256,IC3H6OHCHO,1,"InChI=1S/C4H8O2/c1-4(2,6)3-5/h3,6H,1-2H3"
257,IQC4H8OT,2,"InChI=1S/C4H9O3/c1-4(2,5)3-7-6/h6H,3H2,1-2H3"
258,IQC4H7OHT,2,"InChI=1S/C4H9O3/c1-4(2,5)3-7-6/h5-6H,1,3H2,2H3"
259,CCY(CCOC)OH,1,"InChI=1S/C4H8O2/c1-4(5)2-6-3-4/h5H,2-3H2,1H3"
260,CH2COHCH2OOH,1,"InChI=1S/C3H6O3/c1-3(4)2-6-5/h4-5H,1-2H2"
261,TC3H6OH,2,"InChI=1S/C3H7O/c1-3(2)4/h4H,1-2H3"
262,TQC4H7OHIO2,2,"InChI=1S/C4H9O5/c1-4(2,9-7)3(5)8-6/h3,5,7H,1-2H3"
263,TQC4H7OHTO2,2,"InChI=1S/C4H9O5/c1-4(2,9-7)3(5)8-6/h3,5-6H,1-2H3"
264,TQC4H7OHIQ-I,2,"InChI=1S/C4H9O5/c1-4(2,9-7)3(5)8-6/h3,6-7H,1-2H3"
265,TQC4H7OHIQ-P,2,"InChI=1S/C4H9O5/c1-4(2,9-7)3(5)8-6/h3,5-7H,1H2,2H3"
266,IC3H5COHQ,1,"InChI=1S/C4H8O3/c1-3(2)4(5)7-6/h4-6H,1H2,2H3"
267,CH2CQCOHQ,1,"InChI=1S/C3H6O5/c1-2(7-5)3(4)8-6/h3-6H,1H2"
268,IC3H5Q,1,"InChI=1S/C3H6O2/c1-3(2)5-4/h4H,1H2,2H3"
269,COHQCYC(COC),1,"InChI=1S/C4H8O4/c1-4(2-7-4)3(5)8-6/h3,5-6H,2H2,1H3"
270,QCYC(CCOC)OH,1,"InChI=1S/C4H8O4/c1-4(8-6)2-7-3(4)5/h3,5-6H,2H2,1H3"
271,HOCOCQ(CH3)2,1,"InChI=1S/C4H8O4/c1-4(2,8-7)3(5)6/h7H,1-2H3,(H,5,6)"
272,IQC4H7OHTO2,2,"InChI=1S/C4H9O5/c1-4(5,2-8-6)3-9-7/h5-6H,2-3H2,1H3"
273,IQC4H8OTQ-I,2,"InChI=1S/C4H9O5/c1-4(5,2-8-6)3-9-7/h6-7H,2-3H2,1H3"
274,IQC4H7OHTQ-P,2,"InChI=1S/C4H9O5/c1-4(5,2-8-6)3-9-7/h5-7H,1-3H2"
275,CHOC(CH3)OHCH2Q,1,"InChI=1S/C4H8O4/c1-4(6,2-5)3-8-7/h2,6-7H,3H2,1H3"
276,CO(CH2OOH)2,1,"InChI=1S/C3H6O5/c4-3(1-7-5)2-8-6/h5-6H,1-2H2"
277,CH3COCHO,1,"InChI=1S/C3H4O2/c1-3(5)2-4/h2H,1H3"
278,IC3H5OCH2,2,"InChI=1S/C4H7O/c1-4(2)5-3/h1,3H2,2H3"
279,IC4H7OOCH3,1,"InChI=1S/C5H10O2/c1-5(2)4-7-6-3/h1,4H2,2-3H3"
280,IC4H7OOIC4H7,1,"InChI=1S/C8H14O2/c1-7(2)5-9-10-6-8(3)4/h1,3,5-6H2,2,4H3"
281,C4H8-1,1,"InChI=1S/C4H8/c1-3-4-2/h3H,1,4H2,2H3"
282,C4H8-2,1,"InChI=1S/C4H8/c1-3-4-2/h3-4H,1-2H3"
283,C4H71-1,2,"InChI=1S/C4H7/c1-3-4-2/h1,3H,4H2,2H3"
284,C4H71-2,2,"InChI=1S/C4H7/c1-3-4-2/h1,4H2,2H3"
285,C4H71-3,2,"InChI=1S/C4H7/c1-3-4-2/h3-4H,1H2,2H3"
286,C4H71-4,2,"InChI=1S/C4H7/c1-3-4-2/h3H,1-2,4H2"
287,C4H72-2,2,"InChI=1S/C4H7/c1-3-4-2/h3H,1-2H3"
288,C4H71-O,2,"InChI=1S/C4H7O/c1-3-4(2)5/h3-4H,1H2,2H3"
289,PC4H8OH-2,2,"InChI=1S/C4H9O/c1-2-3-4-5/h3,5H,2,4H2,1H3"
290,SC4H8OH-1,2,"InChI=1S/C4H9O/c1-3-4(2)5/h4-5H,2-3H2,1H3"
291,SC4H8OH-3,2,"InChI=1S/C4H9O/c1-3-4(2)5/h3-5H,1-2H3"
292,C4H71-3OH,1,"InChI=1S/C4H8O/c1-3-4(2)5/h3-5H,1H2,2H3"
293,C4H71-4OH,1,"InChI=1S/C4H8O/c1-2-3-4-5/h2,5H,1,3-4H2"
294,C4H71-1OH,1,"InChI=1S/C4H8O/c1-2-3-4-5/h3-5H,2H2,1H3"
295,C4H71-2OH,1,"InChI=1S/C4H8O/c1-3-4(2)5/h5H,2-3H2,1H3"
296,C4H72-1OH,1,"InChI=1S/C4H8O/c1-2-3-4-5/h2-3,5H,4H2,1H3"
297,C4H72-2OH,1,"InChI=1S/C4H8O/c1-3-4(2)5/h3,5H,1-2H3"
298,SQC4H8OP,2,"InChI=1S/C4H9O3/c1-2-4(3-5)7-6/h4,6H,2-3H2,1H3"
299,PQC4H8OS,2,"InChI=1S/C4H9O3/c1-2-4(5)3-7-6/h4,6H,2-3H2,1H3"
300,PQC4H7OHS-3,2,"InChI=1S/C4H9O3/c1-2-4(5)3-7-6/h2,4-6H,3H2,1H3"
301,NC4KET12OH,1,"InChI=1S/C4H8O2/c1-2-4(6)3-5/h3-4,6H,2H2,1H3"
302,SQC4H7OHS-4,2,"InChI=1S/C4H9O3/c1-3(5)4(2)7-6/h3-6H,1H2,2H3"
303,SQC4H8OS,2,"InChI=1S/C4H9O3/c1-3(5)4(2)7-6/h3-4,6H,1-2H3"
304,NC4KET23OH,1,"InChI=1S/C4H8O2/c1-3(5)4(2)6/h3,5H,1-2H3"
305,SC4H8OH-3O2,2,"InChI=1S/C4H9O3/c1-3(5)4(2)7-6/h3-5H,1-2H3"
306,CCY(COCC)OH,1,"InChI=1S/C4H8O2/c1-3-4(5)2-6-3/h3-5H,2H2,1H3"
307,C4H7O2-1,2,"InChI=1S/C4H7O/c1-2-3-4-5/h2-3H,4H2,1H3"
308,C4H6-1,1,"InChI=1S/C4H6/c1-3-4-2/h1H,4H2,2H3"
309,AC3H5OCH2,2,"InChI=1S/C4H7O/c1-3-4-5-2/h3H,1-2,4H2"
310,SC3H5OCH2-1,2,"InChI=1S/C4H7O/c1-3-4-5-2/h3-4H,2H2,1H3"
311,"C8H141-5,3-4",1,"InChI=1S/C8H14/c1-5-7(3)8(4)6-2/h5-8H,1-2H2,3-4H3"
312,"C8H141-5,3",1,"InChI=1S/C8H14/c1-4-6-7-8(3)5-2/h4-6,8H,2,7H2,1,3H3"
313,C8H142-6,1,"InChI=1S/C8H14/c1-3-5-7-8-6-4-2/h3-6H,7-8H2,1-2H3"
314,"C8H131-5,3-4,TA",2,"InChI=1S/C8H13/c1-5-7(3)8(4)6-2/h5-7H,1-2H2,3-4H3"
315,"C8H131-5,3,TA",2,"InChI=1S/C8H13/c1-4-6-7-8(3)5-2/h4-6H,2,7H2,1,3H3"
316,"C8H131-5,3,SA",2,"InChI=1S/C8H13/c1-4-6-7-8(3)5-2/h4-8H,2H2,1,3H3"
317,"C8H131-5,3,PA",2,"InChI=1S/C8H13/c1-4-6-7-8(3)5-2/h4-6,8H,1-2,7H2,3H3"
318,"C8H132-6,SA",2,"InChI=1S/C8H13/c1-3-5-7-8-6-4-2/h3-7H,8H2,1-2H3"
319,"C8H132-6,PA",2,"InChI=1S/C8H13/c1-3-5-7-8-6-4-2/h3-6H,1,7-8H2,2H3"
320,"C6H101-3,3",1,"InChI=1S/C6H10/c1-4-6(3)5-2/h4-5H,1H2,2-3H3"
321,"C8H131-5,3-4,TAO",2,"InChI=1S/C8H13O/c1-5-7(3)8(4,9)6-2/h5-7H,1-2H2,3-4H3"
322,"C8H131-5,3,TAO",2,"InChI=1S/C8H13O/c1-4-6-7-8(3,9)5-2/h4-6H,2,7H2,1,3H3"
323,"C8H131-5,3,SAO",2,"InChI=1S/C8H13O/c1-4-6-8(9)7(3)5-2/h4-8H,2H2,1,3H3"
324,"C8H131-5,3,PAO",2,"InChI=1S/C8H13O/c1-3-8(2)6-4-5-7-9/h3-5,8H,1,6-7H2,2H3"
325,"C8H132-6,SAO",2,"InChI=1S/C8H13O/c1-3-5-7-8(9)6-4-2/h3-6,8H,7H2,1-2H3"
326,"C8H132-6,PAO",2,"InChI=1S/C8H13O/c1-2-3-4-5-6-7-8-9/h2-3,6-7H,4-5,8H2,1H3"
327,"C7H111-5,3,6P",2,"InChI=1S/C7H11/c1-4-6-7(3)5-2/h1,4-5,7H,2,6H2,3H3"
328,"C7H111-5,1P",2,"InChI=1S/C7H11/c1-3-5-7-6-4-2/h1,3-4,6H,5,7H2,2H3"
329,"C4H64,2-1OH",2,"InChI=1S/C4H7O/c1-2-3-4-5/h2-3,5H,1,4H2"
330,"C4H63,1-1OH",2,"InChI=1S/C4H7O/c1-2-3-4-5/h2-5H,1H3"
331,"C4H63,1-3OH",2,"InChI=1S/C4H7O/c1-3-4(2)5/h3,5H,1H2,2H3"
332,"C4H63,1-2OH",2,"InChI=1S/C4H7O/c1-3-4(2)5/h3,5H,2H2,1H3"
333,C4H5OH-13,1,"InChI=1S/C4H6O/c1-2-3-4-5/h2-5H,1H2"
334,SQC4H7OHP-4,2,"InChI=1S/C4H9O3/c1-2-4(3-5)7-6/h4-6H,1-3H2"
335,CY(CCCO)COH,1,"InChI=1S/C4H8O2/c5-3-4-1-2-6-4/h4-5H,1-3H2"
336,NC4KET21OH,1,"InChI=1S/C4H8O2/c1-2-4(6)3-5/h5H,2-3H2,1H3"
337,C2H5CHOHCO,2,"InChI=1S/C4H7O2/c1-2-4(6)3-5/h4,6H,2H2,1H3"
338,CH3COCOHCH3,2,"InChI=1S/C4H7O2/c1-3(5)4(2)6/h5H,1-2H3"
339,C2H4COCH2OH,2,"InChI=1S/C4H7O2/c1-2-4(6)3-5/h2,5H,3H2,1H3"
340,CH3COHCO,1,"InChI=1S/C3H4O2/c1-3(5)2-4/h5H,1H3"
341,CH2COHCHO,1,"InChI=1S/C3H4O2/c1-3(5)2-4/h2,5H,1H2"
342,SQC4H7OHP-4O2,2,"InChI=1S/C4H9O5/c5-3-4(9-7)1-2-8-6/h4-5,7H,1-3H2"
343,PQC4H7OHS-3O2,2,"InChI=1S/C4H9O5/c1-3(9-7)4(5)2-8-6/h3-6H,2H2,1H3"
344,SQC4H7OHS-4O2,2,"InChI=1S/C4H9O5/c1-3(9-7)4(5)2-8-6/h3-5,7H,2H2,1H3"
345,"C4H7O2-1,3OOH",2,"InChI=1S/C4H9O5/c1-3(9-7)4(5)2-8-6/h3-4,6-7H,2H2,1H3"
346,NC4KET13OH-2,1,"InChI=1S/C4H8O4/c1-3(8-7)4(6)2-5/h2-4,6-7H,1H3"
347,NC4KET24OH-1,1,"InChI=1S/C4H8O4/c5-3-4(6)1-2-8-7/h5,7H,1-3H2"
348,NC4KET24OH-3,1,"InChI=1S/C4H8O4/c1-3(5)4(6)2-8-7/h4,6-7H,2H2,1H3"
349,C4H6OHOOH1-4-3,1,"InChI=1S/C4H8O3/c1-2-4(3-5)7-6/h2,4-6H,1,3H2"
350,C4H6OHOOH2-2-1,1,"InChI=1S/C4H8O3/c1-2-4(5)3-7-6/h2,5-6H,3H2,1H3"
351,C4H6OHOOH1-3-4,1,"InChI=1S/C4H8O3/c1-2-4(5)3-7-6/h2,4-6H,1,3H2"
352,C4H6OHOOH1-2-3,1,"InChI=1S/C4H8O3/c1-3(5)4(2)7-6/h4-6H,1H2,2H3"
353,HOCH2CHO,1,"InChI=1S/C2H4O2/c3-1-2-4/h1,4H,2H2"
354,C4H71-4OOH,1,"InChI=1S/C4H8O2/c1-2-3-4-6-5/h2,5H,1,3-4H2"
355,C4H71-4O2,2,"InChI=1S/C4H7O2/c1-2-3-4-6-5/h2H,1,3-4H2"
356,C4H61-3OOH4,2,"InChI=1S/C4H7O2/c1-2-3-4-6-5/h2-3,5H,1,4H2"
357,C4H6O1-3OOH4,2,"InChI=1S/C4H7O3/c1-2-4(5)3-7-6/h2,4,6H,1,3H2"
358,C4H6O2-1OOH4,2,"InChI=1S/C4H7O3/c5-3-1-2-4-7-6/h1-2,6H,3-4H2"
359,HOCH2COCH2,2,"InChI=1S/C3H5O2/c1-3(5)2-4/h4H,1-2H2"
360,HOCH2CO,2,"InChI=1S/C2H3O2/c3-1-2-4/h3H,1H2"
361,HOCHCHO,2,InChI=1S/C2H3O2/c3-1-2-4/h1-3H
362,PC3H4OH-3,2,"InChI=1S/C3H5O/c1-2-3-4/h2-4H,1H2"
363,PC3H4OH-1,2,"InChI=1S/C3H5O/c1-2-3-4/h2,4H,1H3"
364,CH3COCHOH,2,"InChI=1S/C3H5O2/c1-3(5)2-4/h2,4H,1H3"
365,SC2H2OH,2,"InChI=1S/C2H3O/c1-2-3/h3H,1H2"
366,PC4H8OH-1,2,"InChI=1S/C4H9O/c1-2-3-4-5/h4-5H,2-3H2,1H3"
367,PC4H8OH-3,2,"InChI=1S/C4H9O/c1-2-3-4-5/h2,5H,3-4H2,1H3"
368,C4H7O1-4,2,"InChI=1S/C4H7O/c1-2-3-4-5/h2H,1,3-4H2"
369,PC4H8OH-4,2,"InChI=1S/C4H9O/c1-2-3-4-5/h5H,1-4H2"
370,SC4H8OH-2,2,"InChI=1S/C4H9O/c1-3-4(2)5/h5H,3H2,1-2H3"
371,CH2COHCO,2,"InChI=1S/C3H3O2/c1-3(5)2-4/h5H,1H2"
372,C4H72-2O2,2,"InChI=1S/C4H7O2/c1-3-4(2)6-5/h3H,1-2H3"
373,C4H71-1O2,2,"InChI=1S/C4H7O2/c1-2-3-4-6-5/h3-4H,2H2,1H3"
374,C4H71-2O2,2,"InChI=1S/C4H7O2/c1-3-4(2)6-5/h2-3H2,1H3"
375,C3H6OH1-1,2,"InChI=1S/C3H7O/c1-2-3-4/h3-4H,2H2,1H3"
376,PC4H8OH-2O2,2,"InChI=1S/C4H9O3/c1-2-4(3-5)7-6/h4-5H,2-3H2,1H3"
377,SC4H8OH-1O2,2,"InChI=1S/C4H9O3/c1-2-4(5)3-7-6/h4-5H,2-3H2,1H3"
378,C4H71-3OOCH3,1,"InChI=1S/C5H10O2/c1-4-5(2)7-6-3/h4-5H,1H2,2-3H3"
379,C4H72-1OOCH3,1,"InChI=1S/C5H10O2/c1-3-4-5-7-6-2/h3-4H,5H2,1-2H3"
380,C4H6,1,"InChI=1S/C4H6/c1-3-4-2/h3-4H,1-2H2"
381,C4H612,1,"InChI=1S/C4H6/c1-3-4-2/h4H,1H2,2H3"
382,C4H6-2,1,InChI=1S/C4H6/c1-3-4-2/h1-2H3
383,C4H5-I,2,"InChI=1S/C4H5/c1-3-4-2/h3H,1-2H2"
384,C4H5-N,2,"InChI=1S/C4H5/c1-3-4-2/h1,3-4H,2H2"
385,C4H5-2,2,"InChI=1S/C4H5/c1-3-4-2/h1H2,2H3"
386,C4H4,1,"InChI=1S/C4H4/c1-3-4-2/h1,4H,2H2"
387,C4H3-I,2,"InChI=1S/C4H3/c1-3-4-2/h1H,2H2"
388,C4H3-N,2,InChI=1S/C4H3/c1-3-4-2/h1-3H
389,C4H2,1,InChI=1S/C4H2/c1-3-4-2/h1-2H
390,C4H6O25,1,"InChI=1S/C4H6O/c1-2-4-5-3-1/h1-2H,3-4H2"
391,C2H3CHOCH2,1,"InChI=1S/C4H6O/c1-2-4-3-5-4/h2,4H,1,3H2"
392,C4H4O,1,"InChI=1S/C4H4O/c1-2-3-4-5/h4H,1H3"
393,C4H6O23,1,"InChI=1S/C4H6O/c1-2-4-5-3-1/h1,3H,2,4H2"
394,CH2CHCHCHO,2,"InChI=1S/C4H5O/c1-2-3-4-5/h2-4H,1H2"
395,H2C4O,1,"InChI=1S/C4H2O/c1-2-4-3-5-4/h1,3H"
396,NC3H7CHO,1,"InChI=1S/C4H8O/c1-2-3-4-5/h4H,2-3H2,1H3"
397,NC3H7CO,2,"InChI=1S/C4H7O/c1-2-3-4-5/h2-3H2,1H3"
398,C3H6CHO-1,2,"InChI=1S/C4H7O/c1-2-3-4-5/h4H,1-3H2"
399,C3H6CHO-2,2,"InChI=1S/C4H7O/c1-2-3-4-5/h2,4H,3H2,1H3"
400,C3H6CHO-3,2,"InChI=1S/C4H7O/c1-2-3-4-5/h3-4H,2H2,1H3"
401,SC3H5CHO,1,"InChI=1S/C4H6O/c1-2-3-4-5/h2-4H,1H3"
402,SC3H5CO,2,"InChI=1S/C4H5O/c1-2-3-4-5/h2-3H,1H3"
403,C2H5COCH3,1,"InChI=1S/C4H8O/c1-3-4(2)5/h3H2,1-2H3"
404,C2H5COCH2,2,"InChI=1S/C4H7O/c1-3-4(2)5/h2-3H2,1H3"
405,CH2CH2COCH3,2,"InChI=1S/C4H7O/c1-3-4(2)5/h1,3H2,2H3"
406,CH3CHCOCH3,2,"InChI=1S/C4H7O/c1-3-4(2)5/h3H,1-2H3"
407,C2H3COCH3,1,"InChI=1S/C4H6O/c1-3-4(2)5/h3H,1H2,2H3"
408,CH3CHOOCOCH3,2,"InChI=1S/C4H7O3/c1-3(5)4(2)7-6/h4H,1-2H3"
409,CH2CHOOHCOCH3,2,"InChI=1S/C4H7O3/c1-3(5)4(2)7-6/h4,6H,2H2,1H3"
410,C2H5CHCO,1,"InChI=1S/C4H6O/c1-2-3-4-5/h3H,2H2,1H3"
411,NC5H12,1,"InChI=1S/C5H12/c1-3-5-4-2/h3-5H2,1-2H3"
412,C5H11-1,2,"InChI=1S/C5H11/c1-3-5-4-2/h1,3-5H2,2H3"
413,C5H11-2,2,"InChI=1S/C5H11/c1-3-5-4-2/h3H,4-5H2,1-2H3"
414,C5H11-3,2,"InChI=1S/C5H11/c1-3-5-4-2/h5H,3-4H2,1-2H3"
415,C5H11O2H-1,1,"InChI=1S/C5H12O2/c1-2-3-4-5-7-6/h6H,2-5H2,1H3"
416,C5H11O2H-2,1,"InChI=1S/C5H12O2/c1-3-4-5(2)7-6/h5-6H,3-4H2,1-2H3"
417,C5H11O2H-3,1,"InChI=1S/C5H12O2/c1-3-5(4-2)7-6/h5-6H,3-4H2,1-2H3"
418,C5H11O2-1,2,"InChI=1S/C5H11O2/c1-2-3-4-5-7-6/h2-5H2,1H3"
419,C5H11O2-2,2,"InChI=1S/C5H11O2/c1-3-4-5(2)7-6/h5H,3-4H2,1-2H3"
420,C5H11O2-3,2,"InChI=1S/C5H11O2/c1-3-5(4-2)7-6/h5H,3-4H2,1-2H3"
421,C5H11O-1,2,"InChI=1S/C5H11O/c1-2-3-4-5-6/h2-5H2,1H3"
422,C5H11O-2,2,"InChI=1S/C5H11O/c1-3-4-5(2)6/h5H,3-4H2,1-2H3"
423,C5H11O-3,2,"InChI=1S/C5H11O/c1-3-5(6)4-2/h5H,3-4H2,1-2H3"
424,C5H10OOH1-2,2,"InChI=1S/C5H11O2/c1-2-3-4-5-7-6/h4,6H,2-3,5H2,1H3"
425,C5H10OOH1-3,2,"InChI=1S/C5H11O2/c1-2-3-4-5-7-6/h3,6H,2,4-5H2,1H3"
426,C5H10OOH1-4,2,"InChI=1S/C5H11O2/c1-2-3-4-5-7-6/h2,6H,3-5H2,1H3"
427,C5H10OOH1-5,2,"InChI=1S/C5H11O2/c1-2-3-4-5-7-6/h6H,1-5H2"
428,C5H10OOH2-1,2,"InChI=1S/C5H11O2/c1-3-4-5(2)7-6/h5-6H,2-4H2,1H3"
429,C5H10OOH2-3,2,"InChI=1S/C5H11O2/c1-3-4-5(2)7-6/h4-6H,3H2,1-2H3"
430,C5H10OOH2-4,2,"InChI=1S/C5H11O2/c1-3-4-5(2)7-6/h3,5-6H,4H2,1-2H3"
431,C5H10OOH2-5,2,"InChI=1S/C5H11O2/c1-3-4-5(2)7-6/h5-6H,1,3-4H2,2H3"
432,C5H10OOH3-1,2,"InChI=1S/C5H11O2/c1-3-5(4-2)7-6/h5-6H,1,3-4H2,2H3"
433,C5H10OOH3-2,2,"InChI=1S/C5H11O2/c1-3-5(4-2)7-6/h3,5-6H,4H2,1-2H3"
434,C5H10O1-2,1,"InChI=1S/C5H10O/c1-2-3-5-4-6-5/h5H,2-4H2,1H3"
435,C5H10O1-3,1,"InChI=1S/C5H10O/c1-2-5-3-4-6-5/h5H,2-4H2,1H3"
436,C5H10O1-4,1,"InChI=1S/C5H10O/c1-5-3-2-4-6-5/h5H,2-4H2,1H3"
437,C5H10O1-5,1,InChI=1S/C5H10O/c1-2-4-6-5-3-1/h1-5H2
438,C5H10O2-3,1,"InChI=1S/C5H10O/c1-3-5-4(2)6-5/h4-5H,3H2,1-2H3"
439,C5H10O2-4,1,"InChI=1S/C5H10O/c1-4-3-5(2)6-4/h4-5H,3H2,1-2H3"
440,C5H10OOH1-2O2,2,"InChI=1S/C5H11O4/c1-2-3-5(9-7)4-8-6/h5-6H,2-4H2,1H3"
441,C5H10OOH1-3O2,2,"InChI=1S/C5H11O4/c1-2-5(9-7)3-4-8-6/h5-6H,2-4H2,1H3"
442,C5H10OOH1-4O2,2,"InChI=1S/C5H11O4/c1-5(9-7)3-2-4-8-6/h5-6H,2-4H2,1H3"
443,C5H10OOH1-5O2,2,"InChI=1S/C5H11O4/c6-8-4-2-1-3-5-9-7/h6H,1-5H2"
444,C5H10OOH2-1O2,2,"InChI=1S/C5H11O4/c1-2-3-5(9-7)4-8-6/h5,7H,2-4H2,1H3"
445,C5H10OOH2-3O2,2,"InChI=1S/C5H11O4/c1-3-5(9-7)4(2)8-6/h4-6H,3H2,1-2H3"
446,C5H10OOH2-4O2,2,"InChI=1S/C5H11O4/c1-4(8-6)3-5(2)9-7/h4-6H,3H2,1-2H3"
447,C5H10OOH2-5O2,2,"InChI=1S/C5H11O4/c1-5(9-7)3-2-4-8-6/h5,7H,2-4H2,1H3"
448,C5H10OOH3-1O2,2,"InChI=1S/C5H11O4/c1-2-5(9-7)3-4-8-6/h5,7H,2-4H2,1H3"
449,C5H10OOH3-2O2,2,"InChI=1S/C5H11O4/c1-3-5(9-7)4(2)8-6/h4-5,7H,3H2,1-2H3"
450,"C5H91-2,3OOH",2,"InChI=1S/C5H11O4/c1-3-5(9-7)4(2)8-6/h4-7H,2-3H2,1H3"
451,"C5H91-2,4OOH",2,"InChI=1S/C5H11O4/c1-4(8-6)3-5(2)9-7/h4-7H,1,3H2,2H3"
452,"C5H91-2,5OOH",2,"InChI=1S/C5H11O4/c1-5(9-7)3-2-4-8-6/h5-7H,1-4H2"
453,"C5H91-3,4OOH",2,"InChI=1S/C5H11O4/c1-3-5(9-7)4(2)8-6/h4-7H,1,3H2,2H3"
454,"C5H91-3,5OOH",2,"InChI=1S/C5H11O4/c1-2-5(9-7)3-4-8-6/h5-7H,1-4H2"
455,"C5H91-4,5OOH",2,"InChI=1S/C5H11O4/c1-2-3-5(9-7)4-8-6/h5-7H,1-4H2"
456,"C5H92-1,3OOH",2,"InChI=1S/C5H11O4/c1-2-5(9-7)3-4-8-6/h3,5-7H,2,4H2,1H3"
457,"C5H92-1,4OOH",2,"InChI=1S/C5H11O4/c1-5(9-7)3-2-4-8-6/h2,5-7H,3-4H2,1H3"
458,"C5H92-1,5OOH",2,"InChI=1S/C5H11O4/c6-8-4-2-1-3-5-9-7/h2,6-7H,1,3-5H2"
459,"C5H92-3,4OOH",2,"InChI=1S/C5H11O4/c1-3-5(9-7)4(2)8-6/h3-7H,1-2H3"
460,"C5H92-3,5OOH",2,"InChI=1S/C5H11O4/c1-2-5(9-7)3-4-8-6/h2,5-7H,3-4H2,1H3"
461,"C5H92-4,5OOH",2,"InChI=1S/C5H11O4/c1-2-3-5(9-7)4-8-6/h2,5-7H,3-4H2,1H3"
462,"C5H93-1,2OOH",2,"InChI=1S/C5H11O4/c1-2-3-5(9-7)4-8-6/h3,5-7H,2,4H2,1H3"
463,"C5H93-1,4OOH",2,"InChI=1S/C5H11O4/c1-5(9-7)3-2-4-8-6/h3,5-7H,2,4H2,1H3"
464,"C5H93-1,5OOH",2,"InChI=1S/C5H11O4/c6-8-4-2-1-3-5-9-7/h1,6-7H,2-5H2"
465,"C5H93-2,4OOH",2,"InChI=1S/C5H11O4/c1-4(8-6)3-5(2)9-7/h3-7H,1-2H3"
466,C5H91-3OOH,1,"InChI=1S/C5H10O2/c1-3-5(4-2)7-6/h3,5-6H,1,4H2,2H3"
467,C5H91-4OOH,1,"InChI=1S/C5H10O2/c1-3-4-5(2)7-6/h3,5-6H,1,4H2,2H3"
468,C5H91-5OOH,1,"InChI=1S/C5H10O2/c1-2-3-4-5-7-6/h2,6H,1,3-5H2"
469,C5H92-1OOH,1,"InChI=1S/C5H10O2/c1-2-3-4-5-7-6/h3-4,6H,2,5H2,1H3"
470,C5H92-4OOH,1,"InChI=1S/C5H10O2/c1-3-4-5(2)7-6/h3-6H,1-2H3"
471,C5H92-5OOH,1,"InChI=1S/C5H10O2/c1-2-3-4-5-7-6/h2-3,6H,4-5H2,1H3"
472,C5H9O1-2OOH-3,1,"InChI=1S/C5H10O3/c1-2-4(8-6)5-3-7-5/h4-6H,2-3H2,1H3"
473,C5H9O1-2OOH-4,1,"InChI=1S/C5H10O3/c1-4(8-6)2-5-3-7-5/h4-6H,2-3H2,1H3"
474,C5H9O1-2OOH-5,1,"InChI=1S/C5H10O3/c6-8-3-1-2-5-4-7-5/h5-6H,1-4H2"
475,C5H9O1-3OOH-2,1,"InChI=1S/C5H10O3/c1-2-4-5(8-6)3-7-4/h4-6H,2-3H2,1H3"
476,C5H9O1-3OOH-4,1,"InChI=1S/C5H10O3/c1-4(8-6)5-2-3-7-5/h4-6H,2-3H2,1H3"
477,C5H9O1-3OOH-5,1,"InChI=1S/C5H10O3/c6-8-4-2-5-1-3-7-5/h5-6H,1-4H2"
478,C5H9O1-4OOH-2,1,"InChI=1S/C5H10O3/c1-4-2-5(8-6)3-7-4/h4-6H,2-3H2,1H3"
479,C5H9O1-4OOH-3,1,"InChI=1S/C5H10O3/c1-4-5(8-6)2-3-7-4/h4-6H,2-3H2,1H3"
480,C5H9O1-4OOH-5,1,"InChI=1S/C5H10O3/c6-8-4-5-2-1-3-7-5/h5-6H,1-4H2"
481,C5H9O1-5OOH-2,1,"InChI=1S/C5H10O3/c6-8-5-2-1-3-7-4-5/h5-6H,1-4H2"
482,C5H9O1-5OOH-3,1,"InChI=1S/C5H10O3/c6-8-5-1-3-7-4-2-5/h5-6H,1-4H2"
483,C5H9O2-3OOH-1,1,"InChI=1S/C5H10O3/c1-2-4-5(8-4)3-7-6/h4-6H,2-3H2,1H3"
484,C5H9O2-3OOH-4,1,"InChI=1S/C5H10O3/c1-3-5(7-3)4(2)8-6/h3-6H,1-2H3"
485,C5H9O2-3OOH-5,1,"InChI=1S/C5H10O3/c1-4-5(8-4)2-3-7-6/h4-6H,2-3H2,1H3"
486,C5H9O2-4OOH-1,1,"InChI=1S/C5H10O3/c1-4-2-5(8-4)3-7-6/h4-6H,2-3H2,1H3"
487,C5H9O2-4OOH-3,1,"InChI=1S/C5H10O3/c1-3-5(8-6)4(2)7-3/h3-6H,1-2H3"
488,C5H9O1-2O-5,2,"InChI=1S/C5H9O2/c6-3-1-2-5-4-7-5/h5H,1-4H2"
489,CH2CH2OCH2CH2CHO,2,"InChI=1S/C5H9O2/c1-2-7-5-3-4-6/h4H,1-3,5H2"
490,NC5KET12,1,"InChI=1S/C5H10O3/c1-2-3-5(4-6)8-7/h4-5,7H,2-3H2,1H3"
491,NC5KET13,1,"InChI=1S/C5H10O3/c1-2-5(8-7)3-4-6/h4-5,7H,2-3H2,1H3"
492,NC5KET14,1,"InChI=1S/C5H10O3/c1-5(8-7)3-2-4-6/h4-5,7H,2-3H2,1H3"
493,NC5KET15,1,"InChI=1S/C5H10O3/c6-4-2-1-3-5-8-7/h4,7H,1-3,5H2"
494,NC5KET21,1,"InChI=1S/C5H10O3/c1-2-3-5(6)4-8-7/h7H,2-4H2,1H3"
495,NC5KET23,1,"InChI=1S/C5H10O3/c1-3-5(8-7)4(2)6/h5,7H,3H2,1-2H3"
496,NC5KET24,1,"InChI=1S/C5H10O3/c1-4(6)3-5(2)8-7/h5,7H,3H2,1-2H3"
497,NC5KET25,1,"InChI=1S/C5H10O3/c1-5(6)3-2-4-8-7/h7H,2-4H2,1H3"
498,NC5KET31,1,"InChI=1S/C5H10O3/c1-2-5(6)3-4-8-7/h7H,2-4H2,1H3"
499,NC5KET32,1,"InChI=1S/C5H10O3/c1-3-5(6)4(2)8-7/h4,7H,3H2,1-2H3"
500,NC5KET12O,2,"InChI=1S/C5H9O2/c1-2-3-5(7)4-6/h4-5H,2-3H2,1H3"
501,NC5KET13O,2,"InChI=1S/C5H9O2/c1-2-5(7)3-4-6/h4-5H,2-3H2,1H3"
502,NC5KET14O,2,"InChI=1S/C5H9O2/c1-5(7)3-2-4-6/h4-5H,2-3H2,1H3"
503,NC5KET15O,2,"InChI=1S/C5H9O2/c6-4-2-1-3-5-7/h4H,1-3,5H2"
504,NC5KET21O,2,"InChI=1S/C5H9O2/c1-2-3-5(7)4-6/h2-4H2,1H3"
505,NC5KET23O,2,"InChI=1S/C5H9O2/c1-3-5(7)4(2)6/h5H,3H2,1-2H3"
506,NC5KET24O,2,"InChI=1S/C5H9O2/c1-4(6)3-5(2)7/h4H,3H2,1-2H3"
507,NC5KET25O,2,"InChI=1S/C5H9O2/c1-5(7)3-2-4-6/h2-4H2,1H3"
508,NC5KET31O,2,"InChI=1S/C5H9O2/c1-2-5(7)3-4-6/h2-4H2,1H3"
509,NC5KET32O,2,"InChI=1S/C5H9O2/c1-3-5(7)4(2)6/h4H,3H2,1-2H3"
510,NC5DIONE13,1,"InChI=1S/C5H8O2/c1-2-5(7)3-4-6/h4H,2-3H2,1H3"
511,NC5DIONE24,1,"InChI=1S/C5H8O2/c1-4(6)3-5(2)7/h3H2,1-2H3"
512,C5H10OH23,2,"InChI=1S/C5H11O/c1-3-4-5(2)6/h4-6H,3H2,1-2H3"
513,O2C5H10OH23,2,"InChI=1S/C5H11O3/c1-3-5(8-7)4(2)6/h4-6H,3H2,1-2H3"
514,OCH2CHO,2,"InChI=1S/C2H3O2/c3-1-2-4/h1H,2H2"
515,CH2OCH2CHO,2,"InChI=1S/C3H5O2/c1-5-3-2-4/h2H,1,3H2"
516,C2H4OCHO,2,"InChI=1S/C3H5O2/c1-3(5)2-4/h2-3H,1H3"
517,C5H10OOH1-3OH,1,"InChI=1S/C5H12O3/c1-2-5(6)3-4-8-7/h5-7H,2-4H2,1H3"
518,C5H10OOH2-4OH,1,"InChI=1S/C5H12O3/c1-4(6)3-5(2)8-7/h4-7H,3H2,1-2H3"
519,C5H10OOH3-1OH,1,"InChI=1S/C5H12O3/c1-2-5(8-7)3-4-6/h5-7H,2-4H2,1H3"
520,NC5CYCPER13,1,"InChI=1S/C5H10O3/c1-2-4-3-5(6)8-7-4/h4-6H,2-3H2,1H3"
521,NC5CYCPER24,1,"InChI=1S/C5H10O3/c1-4-3-5(2,6)8-7-4/h4,6H,3H2,1-2H3"
522,NC5CYCPER31,1,"InChI=1S/C5H10O3/c1-2-5(6)3-4-7-8-5/h6H,2-4H2,1H3"
523,IC5H12,1,"InChI=1S/C5H12/c1-4-5(2)3/h5H,4H2,1-3H3"
524,AC5H11,2,"InChI=1S/C5H11/c1-4-5(2)3/h5H,2,4H2,1,3H3"
525,BC5H11,2,"InChI=1S/C5H11/c1-4-5(2)3/h4H2,1-3H3"
526,CC5H11,2,"InChI=1S/C5H11/c1-4-5(2)3/h4-5H,1-3H3"
527,DC5H11,2,"InChI=1S/C5H11/c1-4-5(2)3/h5H,1,4H2,2-3H3"
528,AC5H9O-A2,2,"InChI=1S/C5H9O/c1-3-5(2)4-6/h2-4H2,1H3"
529,AC5H11O2H,1,"InChI=1S/C5H12O2/c1-3-5(2)4-7-6/h5-6H,3-4H2,1-2H3"
530,BC5H11O2H,1,"InChI=1S/C5H12O2/c1-4-5(2,3)7-6/h6H,4H2,1-3H3"
531,CC5H11O2H,1,"InChI=1S/C5H12O2/c1-4(2)5(3)7-6/h4-6H,1-3H3"
532,DC5H11O2H,1,"InChI=1S/C5H12O2/c1-5(2)3-4-7-6/h5-6H,3-4H2,1-2H3"
533,AC5H11O2,2,"InChI=1S/C5H11O2/c1-3-5(2)4-7-6/h5H,3-4H2,1-2H3"
534,BC5H11O2,2,"InChI=1S/C5H11O2/c1-4-5(2,3)7-6/h4H2,1-3H3"
535,CC5H11O2,2,"InChI=1S/C5H11O2/c1-4(2)5(3)7-6/h4-5H,1-3H3"
536,DC5H11O2,2,"InChI=1S/C5H11O2/c1-5(2)3-4-7-6/h5H,3-4H2,1-2H3"
537,AC5H11O,2,"InChI=1S/C5H11O/c1-3-5(2)4-6/h5H,3-4H2,1-2H3"
538,BC5H11O,2,"InChI=1S/C5H11O/c1-4-5(2,3)6/h4H2,1-3H3"
539,CC5H11O,2,"InChI=1S/C5H11O/c1-4(2)5(3)6/h4-5H,1-3H3"
540,DC5H11O,2,"InChI=1S/C5H11O/c1-5(2)3-4-6/h5H,3-4H2,1-2H3"
541,AC5H10OOH-A,2,"InChI=1S/C5H11O2/c1-3-5(2)4-7-6/h5-6H,2-4H2,1H3"
542,AC5H10OOH-B,2,"InChI=1S/C5H11O2/c1-3-5(2)4-7-6/h6H,3-4H2,1-2H3"
543,AC5H10OOH-C,2,"InChI=1S/C5H11O2/c1-3-5(2)4-7-6/h3,5-6H,4H2,1-2H3"
544,AC5H10OOH-D,2,"InChI=1S/C5H11O2/c1-3-5(2)4-7-6/h5-6H,1,3-4H2,2H3"
545,BC5H10OOH-A,2,"InChI=1S/C5H11O2/c1-4-5(2,3)7-6/h6H,2,4H2,1,3H3"
546,BC5H10OOH-C,2,"InChI=1S/C5H11O2/c1-4-5(2,3)7-6/h4,6H,1-3H3"
547,BC5H10OOH-D,2,"InChI=1S/C5H11O2/c1-4-5(2,3)7-6/h6H,1,4H2,2-3H3"
548,CC5H10OOH-A,2,"InChI=1S/C5H11O2/c1-4(2)5(3)7-6/h4-6H,1H2,2-3H3"
549,CC5H10OOH-B,2,"InChI=1S/C5H11O2/c1-4(2)5(3)7-6/h5-6H,1-3H3"
550,CC5H10OOH-D,2,"InChI=1S/C5H11O2/c1-4(2)5(3)7-6/h4-6H,3H2,1-2H3"
551,DC5H10OOH-A,2,"InChI=1S/C5H11O2/c1-5(2)3-4-7-6/h5-6H,1,3-4H2,2H3"
552,DC5H10OOH-B,2,"InChI=1S/C5H11O2/c1-5(2)3-4-7-6/h6H,3-4H2,1-2H3"
553,DC5H10OOH-C,2,"InChI=1S/C5H11O2/c1-5(2)3-4-7-6/h3,5-6H,4H2,1-2H3"
554,A-AC5H10O,1,"InChI=1S/C5H10O/c1-2-5-3-6-4-5/h5H,2-4H2,1H3"
555,A-BC5H10O,1,"InChI=1S/C5H10O/c1-3-5(2)4-6-5/h3-4H2,1-2H3"
556,A-CC5H10O,1,"InChI=1S/C5H10O/c1-4-3-6-5(4)2/h4-5H,3H2,1-2H3"
557,A-DC5H10O,1,"InChI=1S/C5H10O/c1-5-2-3-6-4-5/h5H,2-4H2,1H3"
558,B-CC5H10O,1,"InChI=1S/C5H10O/c1-4-5(2,3)6-4/h4H,1-3H3"
559,B-DC5H10O,1,"InChI=1S/C5H10O/c1-5(2)3-4-6-5/h3-4H2,1-2H3"
560,C-DC5H10O,1,"InChI=1S/C5H10O/c1-4(2)5-3-6-5/h4-5H,3H2,1-2H3"
561,AC5H10OOH-AO2,2,"InChI=1S/C5H11O4/c1-2-5(3-8-6)4-9-7/h5-6H,2-4H2,1H3"
562,AC5H10OOH-BO2,2,"InChI=1S/C5H11O4/c1-3-5(2,9-7)4-8-6/h6H,3-4H2,1-2H3"
563,AC5H10OOH-CO2,2,"InChI=1S/C5H11O4/c1-4(3-8-6)5(2)9-7/h4-6H,3H2,1-2H3"
564,AC5H10OOH-DO2,2,"InChI=1S/C5H11O4/c1-5(4-9-7)2-3-8-6/h5,7H,2-4H2,1H3"
565,BC5H10OOH-AO2,2,"InChI=1S/C5H11O4/c1-3-5(2,9-7)4-8-6/h7H,3-4H2,1-2H3"
566,BC5H10OOH-CO2,2,"InChI=1S/C5H11O4/c1-4(8-6)5(2,3)9-7/h4,7H,1-3H3"
567,BC5H10OOH-DO2,2,"InChI=1S/C5H11O4/c1-5(2,9-7)3-4-8-6/h7H,3-4H2,1-2H3"
568,CC5H10OOH-AO2,2,"InChI=1S/C5H11O4/c1-4(3-8-6)5(2)9-7/h4-5,7H,3H2,1-2H3"
569,CC5H10OOH-BO2,2,"InChI=1S/C5H11O4/c1-4(8-6)5(2,3)9-7/h4,6H,1-3H3"
570,CC5H10OOH-DO2,2,"InChI=1S/C5H11O4/c1-4(2)5(9-7)3-8-6/h4-5,7H,3H2,1-2H3"
571,DC5H10OOH-AO2,2,"InChI=1S/C5H11O4/c1-5(4-9-7)2-3-8-6/h5-6H,2-4H2,1H3"
572,DC5H10OOH-BO2,2,"InChI=1S/C5H11O4/c1-5(2,9-7)3-4-8-6/h6H,3-4H2,1-2H3"
573,DC5H10OOH-CO2,2,"InChI=1S/C5H11O4/c1-4(2)5(9-7)3-8-6/h4-6H,3H2,1-2H3"
574,"C5H9A-A,BOOH",2,"InChI=1S/C5H11O4/c1-3-5(2,9-7)4-8-6/h6-7H,2-4H2,1H3"
575,"C5H9A-A,COOH",2,"InChI=1S/C5H11O4/c1-4(3-8-6)5(2)9-7/h4-7H,1,3H2,2H3"
576,"C5H9A-A,DOOH",2,"InChI=1S/C5H11O4/c1-5(4-9-7)2-3-8-6/h5-7H,1-4H2"
577,"C5H9A-B,COOH",2,"InChI=1S/C5H11O4/c1-4(8-6)5(2,3)9-7/h4,6-7H,2H2,1,3H3"
578,"C5H9A-B,DOOH",2,"InChI=1S/C5H11O4/c1-5(2,9-7)3-4-8-6/h6-7H,1,3-4H2,2H3"
579,"C5H9A-C,DOOH",2,"InChI=1S/C5H11O4/c1-4(2)5(9-7)3-8-6/h4-7H,1,3H2,2H3"
580,"C5H9B-A,AOOH",2,"InChI=1S/C5H11O4/c1-2-5(3-8-6)4-9-7/h6-7H,2-4H2,1H3"
581,"C5H9B-A,COOH",2,"InChI=1S/C5H11O4/c1-4(3-8-6)5(2)9-7/h5-7H,3H2,1-2H3"
582,"C5H9B-A,DOOH",2,"InChI=1S/C5H11O4/c1-5(4-9-7)2-3-8-6/h6-7H,2-4H2,1H3"
583,"C5H9B-C,DOOH",2,"InChI=1S/C5H11O4/c1-4(2)5(9-7)3-8-6/h5-7H,3H2,1-2H3"
584,"C5H9C-A,AOOH",2,"InChI=1S/C5H11O4/c1-2-5(3-8-6)4-9-7/h2,5-7H,3-4H2,1H3"
585,"C5H9C-A,BOOH",2,"InChI=1S/C5H11O4/c1-3-5(2,9-7)4-8-6/h3,6-7H,4H2,1-2H3"
586,"C5H9C-A,DOOH",2,"InChI=1S/C5H11O4/c1-5(4-9-7)2-3-8-6/h2,5-7H,3-4H2,1H3"
587,"C5H9C-B,DOOH",2,"InChI=1S/C5H11O4/c1-5(2,9-7)3-4-8-6/h3,6-7H,4H2,1-2H3"
588,"C5H9D-A,AOOH",2,"InChI=1S/C5H11O4/c1-2-5(3-8-6)4-9-7/h5-7H,1-4H2"
589,"C5H9D-A,BOOH",2,"InChI=1S/C5H11O4/c1-3-5(2,9-7)4-8-6/h6-7H,1,3-4H2,2H3"
590,"C5H9D-A,COOH",2,"InChI=1S/C5H11O4/c1-4(3-8-6)5(2)9-7/h4-7H,2-3H2,1H3"
591,"C5H9D-B,COOH",2,"InChI=1S/C5H11O4/c1-4(8-6)5(2,3)9-7/h4,6-7H,1H2,2-3H3"
592,C5H9A-AOOH,1,"InChI=1S/C5H10O2/c1-3-5(2)4-7-6/h6H,2-4H2,1H3"
593,C5H9A-COOH,1,"InChI=1S/C5H10O2/c1-4(2)5(3)7-6/h5-6H,1H2,2-3H3"
594,C5H9A-DOOH,1,"InChI=1S/C5H10O2/c1-5(2)3-4-7-6/h6H,1,3-4H2,2H3"
595,C5H9B-AOOH,1,"InChI=1S/C5H10O2/c1-3-5(2)4-7-6/h3,6H,4H2,1-2H3"
596,C5H9B-DOOH,1,"InChI=1S/C5H10O2/c1-5(2)3-4-7-6/h3,6H,4H2,1-2H3"
597,C5H9C-AOOH,1,"InChI=1S/C5H10O2/c1-3-5(2)4-7-6/h3,5-6H,1,4H2,2H3"
598,C5H9C-BOOH,1,"InChI=1S/C5H10O2/c1-4-5(2,3)7-6/h4,6H,1H2,2-3H3"
599,C5H9OA-AOOH-B,1,"InChI=1S/C5H10O3/c1-2-5(8-6)3-7-4-5/h6H,2-4H2,1H3"
600,C5H9OA-AOOH-C,1,"InChI=1S/C5H10O3/c1-4(8-6)5-2-7-3-5/h4-6H,2-3H2,1H3"
601,C5H9OA-AOOH-D,1,"InChI=1S/C5H10O3/c6-8-2-1-5-3-7-4-5/h5-6H,1-4H2"
602,C5H9OA-BOOH-A,1,"InChI=1S/C5H10O3/c1-2-5(3-7-5)4-8-6/h6H,2-4H2,1H3"
603,C5H9OA-BOOH-C,1,"InChI=1S/C5H10O3/c1-4(8-6)5(2)3-7-5/h4,6H,3H2,1-2H3"
604,C5H9OA-BOOH-D,1,"InChI=1S/C5H10O3/c1-5(4-7-5)2-3-8-6/h6H,2-4H2,1H3"
605,C5H9OA-COOH-A,1,"InChI=1S/C5H10O3/c1-4-5(2-7-4)3-8-6/h4-6H,2-3H2,1H3"
606,C5H9OA-COOH-B,1,"InChI=1S/C5H10O3/c1-4-5(2,8-6)3-7-4/h4,6H,3H2,1-2H3"
607,C5H9OA-COOH-D,1,"InChI=1S/C5H10O3/c1-4-2-7-5(4)3-8-6/h4-6H,2-3H2,1H3"
608,C5H9OA-DOOH-A,1,"InChI=1S/C5H10O3/c6-8-4-5-1-2-7-3-5/h5-6H,1-4H2"
609,C5H9OA-DOOH-B,1,"InChI=1S/C5H10O3/c1-5(8-6)2-3-7-4-5/h6H,2-4H2,1H3"
610,C5H9OA-DOOH-C,1,"InChI=1S/C5H10O3/c1-4-2-7-3-5(4)8-6/h4-6H,2-3H2,1H3"
611,C5H9OB-COOH-A,1,"InChI=1S/C5H10O3/c1-4-5(2,8-4)3-7-6/h4,6H,3H2,1-2H3"
612,C5H9OB-COOH-D,1,"InChI=1S/C5H10O3/c1-5(2)4(8-5)3-7-6/h4,6H,3H2,1-2H3"
613,C5H9OB-DOOH-A,1,"InChI=1S/C5H10O3/c1-5(4-8-6)2-3-7-5/h6H,2-4H2,1H3"
614,C5H9OB-DOOH-C,1,"InChI=1S/C5H10O3/c1-5(2)4(8-6)3-7-5/h4,6H,3H2,1-2H3"
615,C5H9OC-DOOH-A,1,"InChI=1S/C5H10O3/c1-4(2-8-6)5-3-7-5/h4-6H,2-3H2,1H3"
616,C5H9OC-DOOH-B,1,"InChI=1S/C5H10O3/c1-5(2,8-6)4-3-7-4/h4,6H,3H2,1-2H3"
617,CH3COCH2OCH2CH2,2,"InChI=1S/C5H9O2/c1-3-7-4-5(2)6/h1,3-4H2,2H3"
618,IC5KETAA,1,"InChI=1S/C5H10O3/c1-2-5(3-6)4-8-7/h3,5,7H,2,4H2,1H3"
619,IC5KETAB,1,"InChI=1S/C5H10O3/c1-3-5(2,4-6)8-7/h4,7H,3H2,1-2H3"
620,IC5KETAC,1,"InChI=1S/C5H10O3/c1-4(3-6)5(2)8-7/h3-5,7H,1-2H3"
621,IC5KETAD,1,"InChI=1S/C5H10O3/c1-5(4-6)2-3-8-7/h4-5,7H,2-3H2,1H3"
622,IC5KETCA,1,"InChI=1S/C5H10O3/c1-4(3-8-7)5(2)6/h4,7H,3H2,1-2H3"
623,IC5KETCB,1,"InChI=1S/C5H10O3/c1-4(6)5(2,3)8-7/h7H,1-3H3"
624,IC5KETCD,1,"InChI=1S/C5H10O3/c1-4(2)5(6)3-8-7/h4,7H,3H2,1-2H3"
625,IC5KETDA,1,"InChI=1S/C5H10O3/c1-5(2-3-6)4-8-7/h3,5,7H,2,4H2,1H3"
626,IC5KETDB,1,"InChI=1S/C5H10O3/c1-5(2,8-7)3-4-6/h4,7H,3H2,1-2H3"
627,IC5KETDC,1,"InChI=1S/C5H10O3/c1-4(2)5(3-6)8-7/h3-5,7H,1-2H3"
628,IC5KETAAO,2,"InChI=1S/C5H9O2/c1-2-5(3-6)4-7/h3,5H,2,4H2,1H3"
629,IC5KETABO,2,"InChI=1S/C5H9O2/c1-3-5(2,7)4-6/h4H,3H2,1-2H3"
630,IC5KETACO,2,"InChI=1S/C5H9O2/c1-4(3-6)5(2)7/h3-5H,1-2H3"
631,IC5KETADO,2,"InChI=1S/C5H9O2/c1-5(4-7)2-3-6/h4-5H,2-3H2,1H3"
632,IC5KETCAO,2,"InChI=1S/C5H9O2/c1-4(3-6)5(2)7/h4H,3H2,1-2H3"
633,IC5KETCBO,2,"InChI=1S/C5H9O2/c1-4(6)5(2,3)7/h1-3H3"
634,IC5KETCDO,2,"InChI=1S/C5H9O2/c1-4(2)5(7)3-6/h4H,3H2,1-2H3"
635,IC5KETDAO,2,"InChI=1S/C5H9O2/c1-5(4-7)2-3-6/h3,5H,2,4H2,1H3"
636,IC5KETDBO,2,"InChI=1S/C5H9O2/c1-5(2,7)3-4-6/h4H,3H2,1-2H3"
637,IC5KETDCO,2,"InChI=1S/C5H9O2/c1-4(2)5(7)3-6/h3-5H,1-2H3"
638,AC5H10OH,2,"InChI=1S/C5H11O/c1-3-5(2)4-6/h6H,3-4H2,1-2H3"
639,BC5H10OH,2,"InChI=1S/C5H11O/c1-4-5(2,3)6/h4,6H,1-3H3"
640,CC5H10OH,2,"InChI=1S/C5H11O/c1-4(2)5(3)6/h4-6H,3H2,1-2H3"
641,AO2C5H10OH,2,"InChI=1S/C5H11O3/c1-3-5(2,4-6)8-7/h6H,3-4H2,1-2H3"
642,BO2C5H10OH,2,"InChI=1S/C5H11O3/c1-4(8-7)5(2,3)6/h4,6H,1-3H3"
643,CO2C5H10OH,2,"InChI=1S/C5H11O3/c1-4(2)5(6)3-8-7/h4-6H,3H2,1-2H3"
644,IC3H5COCH3,1,"InChI=1S/C5H8O/c1-4(2)5(3)6/h1H2,2-3H3"
645,IC3H5COCH2,2,"InChI=1S/C5H7O/c1-4(2)5(3)6/h1,3H2,2H3"
646,AC3H4COCH3,2,"InChI=1S/C5H7O/c1-4(2)5(3)6/h1-2H2,3H3"
647,NEOC5H12,1,"InChI=1S/C5H12/c1-5(2,3)4/h1-4H3"
648,NEOC5H11,2,"InChI=1S/C5H11/c1-5(2,3)4/h1H2,2-4H3"
649,NEOC5H11O2H,1,"InChI=1S/C5H12O2/c1-5(2,3)4-7-6/h6H,4H2,1-3H3"
650,NEOC5H11O2,2,"InChI=1S/C5H11O2/c1-5(2,3)4-7-6/h4H2,1-3H3"
651,NEOC5H11O,2,"InChI=1S/C5H11O/c1-5(2,3)4-6/h4H2,1-3H3"
652,NEOC5H10OOH,2,"InChI=1S/C5H11O2/c1-5(2,3)4-7-6/h6H,1,4H2,2-3H3"
653,NEO-C5H10O,1,"InChI=1S/C5H10O/c1-5(2)3-6-4-5/h3-4H2,1-2H3"
654,NEOC5H10OOH-O2,2,"InChI=1S/C5H11O4/c1-5(2,3-8-6)4-9-7/h6H,3-4H2,1-2H3"
655,NEOC5H9Q2,2,"InChI=1S/C5H11O4/c1-5(2,3-8-6)4-9-7/h6-7H,1,3-4H2,2H3"
656,NEOC5KET,1,"InChI=1S/C5H10O3/c1-5(2,3-6)4-8-7/h3,7H,4H2,1-2H3"
657,NEOC5KETOX,2,"InChI=1S/C5H9O2/c1-5(2,3-6)4-7/h3H,4H2,1-2H3"
658,NEOC5KEJOL,2,"InChI=1S/C5H9O2/c1-5(2,3-6)4-7/h6H,3H2,1-2H3"
659,IC4H6Q2-II,1,"InChI=1S/C4H8O4/c1-4(2-7-5)3-8-6/h5-6H,1-3H2"
660,NEOC5H9O-OOH,1,"InChI=1S/C5H10O3/c1-5(4-8-6)2-7-3-5/h6H,2-4H2,1H3"
661,C5H10-1,1,"InChI=1S/C5H10/c1-3-5-4-2/h3H,1,4-5H2,2H3"
662,C5H10-2,1,"InChI=1S/C5H10/c1-3-5-4-2/h3,5H,4H2,1-2H3"
663,C5H81-3,1,"InChI=1S/C5H8/c1-3-5-4-2/h3-5H,1H2,2H3"
664,C5H91-3,2,"InChI=1S/C5H9/c1-3-5-4-2/h3,5H,1,4H2,2H3"
665,C5H91-4,2,"InChI=1S/C5H9/c1-3-5-4-2/h3-4H,1,5H2,2H3"
666,C5H91-5,2,"InChI=1S/C5H9/c1-3-5-4-2/h3H,1-2,4-5H2"
667,C5H92-4,2,"InChI=1S/C5H9/c1-3-5-4-2/h3-5H,1-2H3"
668,C5H92-5,2,"InChI=1S/C5H9/c1-3-5-4-2/h4-5H,1,3H2,2H3"
669,C5H9O1-3,2,"InChI=1S/C5H9O/c1-3-5(6)4-2/h3,5H,1,4H2,2H3"
670,C5H9O2-4,2,"InChI=1S/C5H9O/c1-3-4-5(2)6/h3-5H,1-2H3"
671,BC5H10,1,"InChI=1S/C5H10/c1-4-5(2)3/h4H,1-3H3"
672,CC5H10,1,"InChI=1S/C5H10/c1-4-5(2)3/h4-5H,1H2,2-3H3"
673,CC5H9-A,2,"InChI=1S/C5H9/c1-4-5(2)3/h4-5H,1-2H2,3H3"
674,CC5H9-B,2,"InChI=1S/C5H9/c1-4-5(2)3/h4H,1H2,2-3H3"
675,AC5H9O-C,2,"InChI=1S/C5H9O/c1-4(2)5(3)6/h5H,1H2,2-3H3"
676,CC5H9O-B,2,"InChI=1S/C5H9O/c1-4-5(2,3)6/h4H,1H2,2-3H3"
677,AC5H10,1,"InChI=1S/C5H10/c1-4-5(2)3/h2,4H2,1,3H3"
678,AC5H9-A2,2,"InChI=1S/C5H9/c1-4-5(2)3/h2-4H2,1H3"
679,AC5H9-C,2,"InChI=1S/C5H9/c1-4-5(2)3/h4H,2H2,1,3H3"
680,AC5H9-D,2,"InChI=1S/C5H9/c1-4-5(2)3/h1-2,4H2,3H3"
681,B2E2M1OJ,2,"InChI=1S/C5H9O/c1-3-5(2)4-6/h3H,4H2,1-2H3"
682,B13DE2M,1,"InChI=1S/C5H8/c1-4-5(2)3/h4H,1-2H2,3H3"
683,B13DE2MJ,2,"InChI=1S/C5H7/c1-4-5(2)3/h4H,1-3H2"
684,B12DE3M,1,"InChI=1S/C5H8/c1-4-5(2)3/h1H2,2-3H3"
685,B2E3M1OJ,2,"InChI=1S/C5H9O/c1-5(2)3-4-6/h3H,4H2,1-2H3"
686,TC4H8CHO,2,"InChI=1S/C5H9O/c1-5(2,3)4-6/h4H,1H2,2-3H3"
687,O2C4H8CHO,2,"InChI=1S/C5H9O3/c1-5(2,3-6)4-8-7/h3H,4H2,1-2H3"
688,O2HC4H8CO,2,"InChI=1S/C5H9O3/c1-5(2,3-6)4-8-7/h7H,4H2,1-2H3"
689,PC4H8CHO-1O2,2,"InChI=1S/C5H9O3/c1-2-3-5(4-6)8-7/h4-5H,2-3H2,1H3"
690,PC4H8CHO-2O2,2,"InChI=1S/C5H9O3/c1-2-5(8-7)3-4-6/h4-5H,2-3H2,1H3"
691,PC4H8CHO-3O2,2,"InChI=1S/C5H9O3/c1-5(8-7)3-2-4-6/h4-5H,2-3H2,1H3"
692,PC4H8CHO-4O2,2,"InChI=1S/C5H9O3/c6-4-2-1-3-5-8-7/h4H,1-3,5H2"
693,C4H7CHO-2,1,"InChI=1S/C5H8O/c1-2-3-4-5-6/h3-5H,2H2,1H3"
694,C4H7CHO-3,1,"InChI=1S/C5H8O/c1-2-3-4-5-6/h2-3,5H,4H2,1H3"
695,C4H7CHO-4,1,"InChI=1S/C5H8O/c1-2-3-4-5-6/h2,5H,1,3-4H2"
696,NC3H7COCH3,1,"InChI=1S/C5H10O/c1-3-4-5(2)6/h3-4H2,1-2H3"
697,C2H5COC2H5,1,"InChI=1S/C5H10O/c1-3-5(6)4-2/h3-4H2,1-2H3"
698,NC3H7COCH2,2,"InChI=1S/C5H9O/c1-3-4-5(2)6/h2-4H2,1H3"
699,CH3CH2CHCOCH3,2,"InChI=1S/C5H9O/c1-3-4-5(2)6/h4H,3H2,1-2H3"
700,CH3CHCH2COCH3,2,"InChI=1S/C5H9O/c1-3-4-5(2)6/h3H,4H2,1-2H3"
701,CH2CH2CH2COCH3,2,"InChI=1S/C5H9O/c1-3-4-5(2)6/h1,3-4H2,2H3"
702,CH2CH2COC2H5,2,"InChI=1S/C5H9O/c1-3-5(6)4-2/h1,3-4H2,2H3"
703,CH3CHCOC2H5,2,"InChI=1S/C5H9O/c1-3-5(6)4-2/h3H,4H2,1-2H3"
704,NC52ONEO2-3,2,"InChI=1S/C5H9O3/c1-3-5(8-7)4(2)6/h5H,3H2,1-2H3"
705,NC52ONEO2-4,2,"InChI=1S/C5H9O3/c1-4(6)3-5(2)8-7/h5H,3H2,1-2H3"
706,NC52ONEO2-5,2,"InChI=1S/C5H9O3/c1-5(6)3-2-4-8-7/h2-4H2,1H3"
707,NC53ONEO2-1,2,"InChI=1S/C5H9O3/c1-2-5(6)3-4-8-7/h2-4H2,1H3"
708,NC53ONEO2-2,2,"InChI=1S/C5H9O3/c1-3-5(6)4(2)8-7/h4H,3H2,1-2H3"
709,NC52ONE-3,1,"InChI=1S/C5H8O/c1-3-4-5(2)6/h3-4H,1-2H3"
710,NC52ONE-4,1,"InChI=1S/C5H8O/c1-3-4-5(2)6/h3H,1,4H2,2H3"
711,NC53ONE-1,1,"InChI=1S/C5H8O/c1-3-5(6)4-2/h3H,1,4H2,2H3"
712,NC5H11OH,1,"InChI=1S/C5H12O/c1-2-3-4-5-6/h6H,2-5H2,1H3"
713,C5H10OH11,2,"InChI=1S/C5H11O/c1-2-3-4-5-6/h5-6H,2-4H2,1H3"
714,C5H10OH12,2,"InChI=1S/C5H11O/c1-2-3-4-5-6/h4,6H,2-3,5H2,1H3"
715,C5H10OH13,2,"InChI=1S/C5H11O/c1-2-3-4-5-6/h3,6H,2,4-5H2,1H3"
716,C5H10OH14,2,"InChI=1S/C5H11O/c1-2-3-4-5-6/h2,6H,3-5H2,1H3"
717,C5H10OH15,2,"InChI=1S/C5H11O/c1-2-3-4-5-6/h6H,1-5H2"
718,C5H10OH-1O2,2,"InChI=1S/C5H11O3/c1-2-3-4-5(6)8-7/h5-6H,2-4H2,1H3"
719,C5H10OH-2O2,2,"InChI=1S/C5H11O3/c1-2-3-5(4-6)8-7/h5-6H,2-4H2,1H3"
720,C5H10OH-3O2,2,"InChI=1S/C5H11O3/c1-2-5(8-7)3-4-6/h5-6H,2-4H2,1H3"
721,C5H10OH-4O2,2,"InChI=1S/C5H11O3/c1-5(8-7)3-2-4-6/h5-6H,2-4H2,1H3"
722,C5H10OH-5O2,2,"InChI=1S/C5H11O3/c6-4-2-1-3-5-8-7/h6H,1-5H2"
723,C5H9OH1-1,1,"InChI=1S/C5H10O/c1-2-3-4-5-6/h4-6H,2-3H2,1H3"
724,C5H9OH1-2,1,"InChI=1S/C5H10O/c1-2-3-4-5-6/h3-4,6H,2,5H2,1H3"
725,C5H9OH1-3,1,"InChI=1S/C5H10O/c1-2-3-4-5-6/h2-3,6H,4-5H2,1H3"
726,C5H9OH1-4,1,"InChI=1S/C5H10O/c1-2-3-4-5-6/h2,6H,1,3-5H2"
727,NC6H14,1,"InChI=1S/C6H14/c1-3-5-6-4-2/h3-6H2,1-2H3"
728,C6H13-1,2,"InChI=1S/C6H13/c1-3-5-6-4-2/h1,3-6H2,2H3"
729,C6H13-2,2,"InChI=1S/C6H13/c1-3-5-6-4-2/h3H,4-6H2,1-2H3"
730,C6H13-3,2,"InChI=1S/C6H13/c1-3-5-6-4-2/h5H,3-4,6H2,1-2H3"
731,C6H13OOH-1,1,"InChI=1S/C6H14O2/c1-2-3-4-5-6-8-7/h7H,2-6H2,1H3"
732,C6H13OOH-2,1,"InChI=1S/C6H14O2/c1-3-4-5-6(2)8-7/h6-7H,3-5H2,1-2H3"
733,C6H13OOH-3,1,"InChI=1S/C6H14O2/c1-3-5-6(4-2)8-7/h6-7H,3-5H2,1-2H3"
734,C6H13O2-1,2,"InChI=1S/C6H13O2/c1-2-3-4-5-6-8-7/h2-6H2,1H3"
735,C6H13O2-2,2,"InChI=1S/C6H13O2/c1-3-4-5-6(2)8-7/h6H,3-5H2,1-2H3"
736,C6H13O2-3,2,"InChI=1S/C6H13O2/c1-3-5-6(4-2)8-7/h6H,3-5H2,1-2H3"
737,C6H13O-1,2,"InChI=1S/C6H13O/c1-2-3-4-5-6-7/h2-6H2,1H3"
738,C6H13O-2,2,"InChI=1S/C6H13O/c1-3-4-5-6(2)7/h6H,3-5H2,1-2H3"
739,C6H13O-3,2,"InChI=1S/C6H13O/c1-3-5-6(7)4-2/h6H,3-5H2,1-2H3"
740,C6H12OOH1-2,2,"InChI=1S/C6H13O2/c1-2-3-4-5-6-8-7/h5,7H,2-4,6H2,1H3"
741,C6H12OOH1-3,2,"InChI=1S/C6H13O2/c1-2-3-4-5-6-8-7/h4,7H,2-3,5-6H2,1H3"
742,C6H12OOH1-4,2,"InChI=1S/C6H13O2/c1-2-3-4-5-6-8-7/h3,7H,2,4-6H2,1H3"
743,C6H12OOH1-5,2,"InChI=1S/C6H13O2/c1-2-3-4-5-6-8-7/h2,7H,3-6H2,1H3"
744,C6H12OOH2-1,2,"InChI=1S/C6H13O2/c1-3-4-5-6(2)8-7/h6-7H,2-5H2,1H3"
745,C6H12OOH2-3,2,"InChI=1S/C6H13O2/c1-3-4-5-6(2)8-7/h5-7H,3-4H2,1-2H3"
746,C6H12OOH2-4,2,"InChI=1S/C6H13O2/c1-3-4-5-6(2)8-7/h4,6-7H,3,5H2,1-2H3"
747,C6H12OOH2-5,2,"InChI=1S/C6H13O2/c1-3-4-5-6(2)8-7/h3,6-7H,4-5H2,1-2H3"
748,C6H12OOH2-6,2,"InChI=1S/C6H13O2/c1-3-4-5-6(2)8-7/h6-7H,1,3-5H2,2H3"
749,C6H12OOH3-1,2,"InChI=1S/C6H13O2/c1-3-5-6(4-2)8-7/h6-7H,2-5H2,1H3"
750,C6H12OOH3-2,2,"InChI=1S/C6H13O2/c1-3-5-6(4-2)8-7/h4,6-7H,3,5H2,1-2H3"
751,C6H12OOH3-4,2,"InChI=1S/C6H13O2/c1-3-5-6(4-2)8-7/h5-7H,3-4H2,1-2H3"
752,C6H12OOH3-5,2,"InChI=1S/C6H13O2/c1-3-5-6(4-2)8-7/h3,6-7H,4-5H2,1-2H3"
753,C6H12OOH3-6,2,"InChI=1S/C6H13O2/c1-3-5-6(4-2)8-7/h6-7H,1,3-5H2,2H3"
754,C6H12O1-2,1,"InChI=1S/C6H12O/c1-2-3-4-6-5-7-6/h6H,2-5H2,1H3"
755,C6H12O1-3,1,"InChI=1S/C6H12O/c1-2-3-6-4-5-7-6/h6H,2-5H2,1H3"
756,C6H12O1-4,1,"InChI=1S/C6H12O/c1-2-6-4-3-5-7-6/h6H,2-5H2,1H3"
757,C6H12O1-5,1,"InChI=1S/C6H12O/c1-6-4-2-3-5-7-6/h6H,2-5H2,1H3"
758,C6H12O2-3,1,"InChI=1S/C6H12O/c1-3-4-6-5(2)7-6/h5-6H,3-4H2,1-2H3"
759,C6H12O2-4,1,"InChI=1S/C6H12O/c1-3-6-4-5(2)7-6/h5-6H,3-4H2,1-2H3"
760,C6H12O2-5,1,"InChI=1S/C6H12O/c1-5-3-4-6(2)7-5/h5-6H,3-4H2,1-2H3"
761,C6H12O3-4,1,"InChI=1S/C6H12O/c1-3-5-6(4-2)7-5/h5-6H,3-4H2,1-2H3"
762,C6H12OOH1-2O2,2,"InChI=1S/C6H13O4/c1-2-3-4-6(10-8)5-9-7/h6-7H,2-5H2,1H3"
763,C6H12OOH1-3O2,2,"InChI=1S/C6H13O4/c1-2-3-6(10-8)4-5-9-7/h6-7H,2-5H2,1H3"
764,C6H12OOH1-4O2,2,"InChI=1S/C6H13O4/c1-2-6(10-8)4-3-5-9-7/h6-7H,2-5H2,1H3"
765,C6H12OOH1-5O2,2,"InChI=1S/C6H13O4/c1-6(10-8)4-2-3-5-9-7/h6-7H,2-5H2,1H3"
766,C6H12OOH2-1O2,2,"InChI=1S/C6H13O4/c1-2-3-4-6(10-8)5-9-7/h6,8H,2-5H2,1H3"
767,C6H12OOH2-3O2,2,"InChI=1S/C6H13O4/c1-3-4-6(10-8)5(2)9-7/h5-7H,3-4H2,1-2H3"
768,C6H12OOH2-4O2,2,"InChI=1S/C6H13O4/c1-3-6(10-8)4-5(2)9-7/h5-7H,3-4H2,1-2H3"
769,C6H12OOH2-5O2,2,"InChI=1S/C6H13O4/c1-5(9-7)3-4-6(2)10-8/h5-7H,3-4H2,1-2H3"
770,C6H12OOH2-6O2,2,"InChI=1S/C6H13O4/c1-6(10-8)4-2-3-5-9-7/h6,8H,2-5H2,1H3"
771,C6H12OOH3-1O2,2,"InChI=1S/C6H13O4/c1-2-3-6(10-8)4-5-9-7/h6,8H,2-5H2,1H3"
772,C6H12OOH3-2O2,2,"InChI=1S/C6H13O4/c1-3-4-6(10-8)5(2)9-7/h5-6,8H,3-4H2,1-2H3"
773,C6H12OOH3-4O2,2,"InChI=1S/C6H13O4/c1-3-5(9-7)6(4-2)10-8/h5-7H,3-4H2,1-2H3"
774,C6H12OOH3-5O2,2,"InChI=1S/C6H13O4/c1-3-6(10-8)4-5(2)9-7/h5-6,8H,3-4H2,1-2H3"
775,C6H12OOH3-6O2,2,"InChI=1S/C6H13O4/c1-2-6(10-8)4-3-5-9-7/h6,8H,2-5H2,1H3"
776,C6H11-1D3OOH,1,"InChI=1S/C6H12O2/c1-3-5-6(4-2)8-7/h4,6-7H,2-3,5H2,1H3"
777,C6H11-1D4OOH,1,"InChI=1S/C6H12O2/c1-3-5-6(4-2)8-7/h3,6-7H,1,4-5H2,2H3"
778,C6H11-1D5OOH,1,"InChI=1S/C6H12O2/c1-3-4-5-6(2)8-7/h3,6-7H,1,4-5H2,2H3"
779,C6H11-1D6OOH,1,"InChI=1S/C6H12O2/c1-2-3-4-5-6-8-7/h2,7H,1,3-6H2"
780,C6H11-2D1OOH,1,"InChI=1S/C6H12O2/c1-2-3-4-5-6-8-7/h4-5,7H,2-3,6H2,1H3"
781,C6H11-2D4OOH,1,"InChI=1S/C6H12O2/c1-3-5-6(4-2)8-7/h3,5-7H,4H2,1-2H3"
782,C6H11-2D5OOH,1,"InChI=1S/C6H12O2/c1-3-4-5-6(2)8-7/h3-4,6-7H,5H2,1-2H3"
783,C6H11-2D6OOH,1,"InChI=1S/C6H12O2/c1-2-3-4-5-6-8-7/h2-3,7H,4-6H2,1H3"
784,C6H11-3D1OOH,1,"InChI=1S/C6H12O2/c1-2-3-4-5-6-8-7/h3-4,7H,2,5-6H2,1H3"
785,C6H11-3D2OOH,1,"InChI=1S/C6H12O2/c1-3-4-5-6(2)8-7/h4-7H,3H2,1-2H3"
786,C6H11Q12-3,2,"InChI=1S/C6H13O4/c1-2-3-4-6(10-8)5-9-7/h4,6-8H,2-3,5H2,1H3"
787,C6H11Q12-4,2,"InChI=1S/C6H13O4/c1-2-3-4-6(10-8)5-9-7/h3,6-8H,2,4-5H2,1H3"
788,C6H11Q12-5,2,"InChI=1S/C6H13O4/c1-2-3-4-6(10-8)5-9-7/h2,6-8H,3-5H2,1H3"
789,C6H11Q12-6,2,"InChI=1S/C6H13O4/c1-2-3-4-6(10-8)5-9-7/h6-8H,1-5H2"
790,C6H11Q13-2,2,"InChI=1S/C6H13O4/c1-2-3-6(10-8)4-5-9-7/h4,6-8H,2-3,5H2,1H3"
791,C6H11Q13-4,2,"InChI=1S/C6H13O4/c1-2-3-6(10-8)4-5-9-7/h3,6-8H,2,4-5H2,1H3"
792,C6H11Q13-5,2,"InChI=1S/C6H13O4/c1-2-3-6(10-8)4-5-9-7/h2,6-8H,3-5H2,1H3"
793,C6H11Q13-6,2,"InChI=1S/C6H13O4/c1-2-3-6(10-8)4-5-9-7/h6-8H,1-5H2"
794,C6H11Q14-2,2,"InChI=1S/C6H13O4/c1-2-6(10-8)4-3-5-9-7/h3,6-8H,2,4-5H2,1H3"
795,C6H11Q14-3,2,"InChI=1S/C6H13O4/c1-2-6(10-8)4-3-5-9-7/h4,6-8H,2-3,5H2,1H3"
796,C6H11Q14-5,2,"InChI=1S/C6H13O4/c1-2-6(10-8)4-3-5-9-7/h2,6-8H,3-5H2,1H3"
797,C6H11Q14-6,2,"InChI=1S/C6H13O4/c1-2-6(10-8)4-3-5-9-7/h6-8H,1-5H2"
798,C6H11Q15-2,2,"InChI=1S/C6H13O4/c1-6(10-8)4-2-3-5-9-7/h3,6-8H,2,4-5H2,1H3"
799,C6H11Q15-3,2,"InChI=1S/C6H13O4/c1-6(10-8)4-2-3-5-9-7/h2,6-8H,3-5H2,1H3"
800,C6H11Q15-4,2,"InChI=1S/C6H13O4/c1-6(10-8)4-2-3-5-9-7/h4,6-8H,2-3,5H2,1H3"
801,C6H11Q15-6,2,"InChI=1S/C6H13O4/c1-6(10-8)4-2-3-5-9-7/h6-8H,1-5H2"
802,C6H11Q23-1,2,"InChI=1S/C6H13O4/c1-3-4-6(10-8)5(2)9-7/h5-8H,2-4H2,1H3"
803,C6H11Q23-4,2,"InChI=1S/C6H13O4/c1-3-4-6(10-8)5(2)9-7/h4-8H,3H2,1-2H3"
804,C6H11Q23-5,2,"InChI=1S/C6H13O4/c1-3-4-6(10-8)5(2)9-7/h3,5-8H,4H2,1-2H3"
805,C6H11Q23-6,2,"InChI=1S/C6H13O4/c1-3-4-6(10-8)5(2)9-7/h5-8H,1,3-4H2,2H3"
806,C6H11Q24-1,2,"InChI=1S/C6H13O4/c1-3-6(10-8)4-5(2)9-7/h5-8H,2-4H2,1H3"
807,C6H11Q24-3,2,"InChI=1S/C6H13O4/c1-3-6(10-8)4-5(2)9-7/h4-8H,3H2,1-2H3"
808,C6H11Q24-5,2,"InChI=1S/C6H13O4/c1-3-6(10-8)4-5(2)9-7/h3,5-8H,4H2,1-2H3"
809,C6H11Q24-6,2,"InChI=1S/C6H13O4/c1-3-6(10-8)4-5(2)9-7/h5-8H,1,3-4H2,2H3"
810,C6H11Q25-1,2,"InChI=1S/C6H13O4/c1-5(9-7)3-4-6(2)10-8/h5-8H,1,3-4H2,2H3"
811,C6H11Q25-3,2,"InChI=1S/C6H13O4/c1-5(9-7)3-4-6(2)10-8/h3,5-8H,4H2,1-2H3"
812,C6H11Q34-1,2,"InChI=1S/C6H13O4/c1-3-5(9-7)6(4-2)10-8/h5-8H,1,3-4H2,2H3"
813,C6H11Q34-2,2,"InChI=1S/C6H13O4/c1-3-5(9-7)6(4-2)10-8/h3,5-8H,4H2,1-2H3"
814,C6KET12,1,"InChI=1S/C6H12O3/c1-2-3-4-6(5-7)9-8/h5-6,8H,2-4H2,1H3"
815,C6KET13,1,"InChI=1S/C6H12O3/c1-2-3-6(9-8)4-5-7/h5-6,8H,2-4H2,1H3"
816,C6KET14,1,"InChI=1S/C6H12O3/c1-2-6(9-8)4-3-5-7/h5-6,8H,2-4H2,1H3"
817,C6KET15,1,"InChI=1S/C6H12O3/c1-6(9-8)4-2-3-5-7/h5-6,8H,2-4H2,1H3"
818,C6KET21,1,"InChI=1S/C6H12O3/c1-2-3-4-6(7)5-9-8/h8H,2-5H2,1H3"
819,C6KET23,1,"InChI=1S/C6H12O3/c1-3-4-6(9-8)5(2)7/h6,8H,3-4H2,1-2H3"
820,C6KET24,1,"InChI=1S/C6H12O3/c1-3-6(9-8)4-5(2)7/h6,8H,3-4H2,1-2H3"
821,C6KET25,1,"InChI=1S/C6H12O3/c1-5(7)3-4-6(2)9-8/h6,8H,3-4H2,1-2H3"
822,C6KET26,1,"InChI=1S/C6H12O3/c1-6(7)4-2-3-5-9-8/h8H,2-5H2,1H3"
823,C6KET31,1,"InChI=1S/C6H12O3/c1-2-3-6(7)4-5-9-8/h8H,2-5H2,1H3"
824,C6KET32,1,"InChI=1S/C6H12O3/c1-3-4-6(7)5(2)9-8/h5,8H,3-4H2,1-2H3"
825,C6KET34,1,"InChI=1S/C6H12O3/c1-3-5(7)6(4-2)9-8/h6,8H,3-4H2,1-2H3"
826,C6KET35,1,"InChI=1S/C6H12O3/c1-3-6(7)4-5(2)9-8/h5,8H,3-4H2,1-2H3"
827,C6KET36,1,"InChI=1S/C6H12O3/c1-2-6(7)4-3-5-9-8/h8H,2-5H2,1H3"
828,C5H91-1,2,"InChI=1S/C5H9/c1-3-5-4-2/h1,3H,4-5H2,2H3"
829,C6H11O12-3OOH,1,"InChI=1S/C6H12O3/c1-2-3-5(9-7)6-4-8-6/h5-7H,2-4H2,1H3"
830,C6H11O12-4OOH,1,"InChI=1S/C6H12O3/c1-2-5(9-7)3-6-4-8-6/h5-7H,2-4H2,1H3"
831,C6H11O12-5OOH,1,"InChI=1S/C6H12O3/c1-5(9-7)2-3-6-4-8-6/h5-7H,2-4H2,1H3"
832,C6H11O12-6OOH,1,"InChI=1S/C6H12O3/c7-9-4-2-1-3-6-5-8-6/h6-7H,1-5H2"
833,C6H11O13-2OOH,1,"InChI=1S/C6H12O3/c1-2-3-5-6(9-7)4-8-5/h5-7H,2-4H2,1H3"
834,C6H11O13-4OOH,1,"InChI=1S/C6H12O3/c1-2-5(9-7)6-3-4-8-6/h5-7H,2-4H2,1H3"
835,C6H11O13-5OOH,1,"InChI=1S/C6H12O3/c1-5(9-7)4-6-2-3-8-6/h5-7H,2-4H2,1H3"
836,C6H11O13-6OOH,1,"InChI=1S/C6H12O3/c7-9-4-1-2-6-3-5-8-6/h6-7H,1-5H2"
837,C6H11O14-2OOH,1,"InChI=1S/C6H12O3/c1-2-5-3-6(9-7)4-8-5/h5-7H,2-4H2,1H3"
838,C6H11O14-3OOH,1,"InChI=1S/C6H12O3/c1-2-5-6(9-7)3-4-8-5/h5-7H,2-4H2,1H3"
839,C6H11O14-5OOH,1,"InChI=1S/C6H12O3/c1-5(9-7)6-3-2-4-8-6/h5-7H,2-4H2,1H3"
840,C6H11O14-6OOH,1,"InChI=1S/C6H12O3/c7-9-5-3-6-2-1-4-8-6/h6-7H,1-5H2"
841,C6H11O15-2OOH,1,"InChI=1S/C6H12O3/c1-5-2-3-6(9-7)4-8-5/h5-7H,2-4H2,1H3"
842,C6H11O15-3OOH,1,"InChI=1S/C6H12O3/c1-5-4-6(9-7)2-3-8-5/h5-7H,2-4H2,1H3"
843,C6H11O15-4OOH,1,"InChI=1S/C6H12O3/c1-5-6(9-7)3-2-4-8-5/h5-7H,2-4H2,1H3"
844,C6H11O15-6OOH,1,"InChI=1S/C6H12O3/c7-9-5-6-3-1-2-4-8-6/h6-7H,1-5H2"
845,C6H11O23-1OOH,1,"InChI=1S/C6H12O3/c1-2-3-5-6(9-5)4-8-7/h5-7H,2-4H2,1H3"
846,C6H11O23-4OOH,1,"InChI=1S/C6H12O3/c1-3-5(9-7)6-4(2)8-6/h4-7H,3H2,1-2H3"
847,C6H11O23-5OOH,1,"InChI=1S/C6H12O3/c1-4(9-7)3-6-5(2)8-6/h4-7H,3H2,1-2H3"
848,C6H11O23-6OOH,1,"InChI=1S/C6H12O3/c1-5-6(9-5)3-2-4-8-7/h5-7H,2-4H2,1H3"
849,C6H11O24-1OOH,1,"InChI=1S/C6H12O3/c1-2-5-3-6(9-5)4-8-7/h5-7H,2-4H2,1H3"
850,C6H11O24-3OOH,1,"InChI=1S/C6H12O3/c1-3-5-6(9-7)4(2)8-5/h4-7H,3H2,1-2H3"
851,C6H11O24-5OOH,1,"InChI=1S/C6H12O3/c1-4-3-6(8-4)5(2)9-7/h4-7H,3H2,1-2H3"
852,C6H11O24-6OOH,1,"InChI=1S/C6H12O3/c1-5-4-6(9-5)2-3-8-7/h5-7H,2-4H2,1H3"
853,C6H11O25-1OOH,1,"InChI=1S/C6H12O3/c1-5-2-3-6(9-5)4-8-7/h5-7H,2-4H2,1H3"
854,C6H11O25-3OOH,1,"InChI=1S/C6H12O3/c1-4-3-6(9-7)5(2)8-4/h4-7H,3H2,1-2H3"
855,C6H11O34-1OOH,1,"InChI=1S/C6H12O3/c1-2-5-6(9-5)3-4-8-7/h5-7H,2-4H2,1H3"
856,C6H11O34-2OOH,1,"InChI=1S/C6H12O3/c1-3-5-6(8-5)4(2)9-7/h4-7H,3H2,1-2H3"
857,C4H7O12-4,2,"InChI=1S/C4H7O/c1-2-4-3-5-4/h4H,1-3H2"
858,C4H7O13-4,2,"InChI=1S/C4H7O/c1-4-2-3-5-4/h4H,1-3H2"
859,C4H7O23-1,2,"InChI=1S/C4H7O/c1-3-4(2)5-3/h3-4H,1H2,2H3"
860,C5H9O12-5,2,"InChI=1S/C5H9O/c1-2-3-5-4-6-5/h5H,1-4H2"
861,C5H9O13-5,2,"InChI=1S/C5H9O/c1-2-5-3-4-6-5/h5H,1-4H2"
862,C5H9O14-5,2,"InChI=1S/C5H9O/c1-5-3-2-4-6-5/h5H,1-4H2"
863,C5H9O23-1,2,"InChI=1S/C5H9O/c1-3-5-4(2)6-5/h4-5H,2-3H2,1H3"
864,C5H9O23-5,2,"InChI=1S/C5H9O/c1-3-5-4(2)6-5/h4-5H,1,3H2,2H3"
865,C5H9O24-1,2,"InChI=1S/C5H9O/c1-4-3-5(2)6-4/h4-5H,1,3H2,2H3"
866,AC3H5CHO,1,"InChI=1S/C4H6O/c1-2-3-4-5/h2,4H,1,3H2"
867,PC4H9CO,2,"InChI=1S/C5H9O/c1-2-3-4-5-6/h2-4H2,1H3"
868,C6KET12O,2,"InChI=1S/C6H11O2/c1-2-3-4-6(8)5-7/h5-6H,2-4H2,1H3"
869,C6KET13O,2,"InChI=1S/C6H11O2/c1-2-3-6(8)4-5-7/h5-6H,2-4H2,1H3"
870,C6KET14O,2,"InChI=1S/C6H11O2/c1-2-6(8)4-3-5-7/h5-6H,2-4H2,1H3"
871,C6KET15O,2,"InChI=1S/C6H11O2/c1-6(8)4-2-3-5-7/h5-6H,2-4H2,1H3"
872,C6KET21O,2,"InChI=1S/C6H11O2/c1-2-3-4-6(8)5-7/h2-5H2,1H3"
873,C6KET23O,2,"InChI=1S/C6H11O2/c1-3-4-6(8)5(2)7/h6H,3-4H2,1-2H3"
874,C6KET24O,2,"InChI=1S/C6H11O2/c1-3-6(8)4-5(2)7/h6H,3-4H2,1-2H3"
875,C6KET25O,2,"InChI=1S/C6H11O2/c1-5(7)3-4-6(2)8/h5H,3-4H2,1-2H3"
876,C6KET26O,2,"InChI=1S/C6H11O2/c1-6(8)4-2-3-5-7/h2-5H2,1H3"
877,C6KET31O,2,"InChI=1S/C6H11O2/c1-2-3-6(8)4-5-7/h2-5H2,1H3"
878,C6KET32O,2,"InChI=1S/C6H11O2/c1-3-4-6(8)5(2)7/h5H,3-4H2,1-2H3"
879,C6KET34O,2,"InChI=1S/C6H11O2/c1-3-5(7)6(8)4-2/h5H,3-4H2,1-2H3"
880,C6KET35O,2,"InChI=1S/C6H11O2/c1-3-6(8)4-5(2)7/h5H,3-4H2,1-2H3"
881,C6KET36O,2,"InChI=1S/C6H11O2/c1-2-6(8)4-3-5-7/h2-5H2,1H3"
882,C6H12OOH1-2O,2,"InChI=1S/C6H13O3/c1-2-3-4-6(7)5-9-8/h6,8H,2-5H2,1H3"
883,C6H12OOH1-3O,2,"InChI=1S/C6H13O3/c1-2-3-6(7)4-5-9-8/h6,8H,2-5H2,1H3"
884,C6H12OOH1-4O,2,"InChI=1S/C6H13O3/c1-2-6(7)4-3-5-9-8/h6,8H,2-5H2,1H3"
885,C6H12OOH1-5O,2,"InChI=1S/C6H13O3/c1-6(7)4-2-3-5-9-8/h6,8H,2-5H2,1H3"
886,C6H12OOH2-1O,2,"InChI=1S/C6H13O3/c1-2-3-4-6(5-7)9-8/h6,8H,2-5H2,1H3"
887,C6H12OOH2-3O,2,"InChI=1S/C6H13O3/c1-3-4-6(7)5(2)9-8/h5-6,8H,3-4H2,1-2H3"
888,C6H12OOH2-4O,2,"InChI=1S/C6H13O3/c1-3-6(7)4-5(2)9-8/h5-6,8H,3-4H2,1-2H3"
889,C6H12OOH2-5O,2,"InChI=1S/C6H13O3/c1-5(7)3-4-6(2)9-8/h5-6,8H,3-4H2,1-2H3"
890,C6H12OOH2-6O,2,"InChI=1S/C6H13O3/c1-6(9-8)4-2-3-5-7/h6,8H,2-5H2,1H3"
891,C6H12OOH3-1O,2,"InChI=1S/C6H13O3/c1-2-3-6(9-8)4-5-7/h6,8H,2-5H2,1H3"
892,C6H12OOH3-2O,2,"InChI=1S/C6H13O3/c1-3-4-6(9-8)5(2)7/h5-6,8H,3-4H2,1-2H3"
893,C6H12OOH3-4O,2,"InChI=1S/C6H13O3/c1-3-5(7)6(4-2)9-8/h5-6,8H,3-4H2,1-2H3"
894,C6H12OOH3-5O,2,"InChI=1S/C6H13O3/c1-3-6(9-8)4-5(2)7/h5-6,8H,3-4H2,1-2H3"
895,C6H12OOH3-6O,2,"InChI=1S/C6H13O3/c1-2-6(9-8)4-3-5-7/h6,8H,2-5H2,1H3"
896,NC5H11CHO,1,"InChI=1S/C6H12O/c1-2-3-4-5-6-7/h6H,2-5H2,1H3"
897,C6Y2,1,"InChI=1S/C6H12O/c1-3-4-5-6(2)7/h3-5H2,1-2H3"
898,CH3COOH,1,"InChI=1S/C2H4O2/c1-2(3)4/h1H3,(H,3,4)"
899,C2H5COOH,1,"InChI=1S/C3H6O2/c1-2-3(4)5/h2H2,1H3,(H,4,5)"
900,C6H12-1,1,"InChI=1S/C6H12/c1-3-5-6-4-2/h3H,1,4-6H2,2H3"
901,C6H12-2,1,"InChI=1S/C6H12/c1-3-5-6-4-2/h3,5H,4,6H2,1-2H3"
902,C6H12-3,1,"InChI=1S/C6H12/c1-3-5-6-4-2/h5-6H,3-4H2,1-2H3"
903,C6H111-3,2,"InChI=1S/C6H11/c1-3-5-6-4-2/h3,5H,1,4,6H2,2H3"
904,C6H111-4,2,"InChI=1S/C6H11/c1-3-5-6-4-2/h3,6H,1,4-5H2,2H3"
905,C6H111-5,2,"InChI=1S/C6H11/c1-3-5-6-4-2/h3-4H,1,5-6H2,2H3"
906,C6H111-6,2,"InChI=1S/C6H11/c1-3-5-6-4-2/h3H,1-2,4-6H2"
907,C6H112-4,2,"InChI=1S/C6H11/c1-3-5-6-4-2/h3,5-6H,4H2,1-2H3"
908,C6H112-5,2,"InChI=1S/C6H11/c1-3-5-6-4-2/h3-5H,6H2,1-2H3"
909,C6H112-6,2,"InChI=1S/C6H11/c1-3-5-6-4-2/h4,6H,1,3,5H2,2H3"
910,C6H113-1,2,"InChI=1S/C6H11/c1-3-5-6-4-2/h5-6H,1,3-4H2,2H3"
911,C6H12OH-1J2,2,"InChI=1S/C6H13O/c1-2-3-4-5-6-7/h5,7H,2-4,6H2,1H3"
912,C6H12OH-2J1,2,"InChI=1S/C6H13O/c1-3-4-5-6(2)7/h6-7H,2-5H2,1H3"
913,C6H12OH-2J3,2,"InChI=1S/C6H13O/c1-3-4-5-6(2)7/h5-7H,3-4H2,1-2H3"
914,C6H12OH-3J2,2,"InChI=1S/C6H13O/c1-3-5-6(7)4-2/h4,6-7H,3,5H2,1-2H3"
915,C6H12OH-3J4,2,"InChI=1S/C6H13O/c1-3-5-6(7)4-2/h5-7H,3-4H2,1-2H3"
916,C6H12OH-1O2-2,2,"InChI=1S/C6H13O3/c1-2-3-4-6(5-7)9-8/h6-7H,2-5H2,1H3"
917,C6H12OH-2O2-1,2,"InChI=1S/C6H13O3/c1-2-3-4-6(7)5-9-8/h6-7H,2-5H2,1H3"
918,C6H12OH-2O2-3,2,"InChI=1S/C6H13O3/c1-3-4-6(9-8)5(2)7/h5-7H,3-4H2,1-2H3"
919,C6H12OH-3O2-2,2,"InChI=1S/C6H13O3/c1-3-4-6(7)5(2)9-8/h5-7H,3-4H2,1-2H3"
920,C6H12OH-3O2-4,2,"InChI=1S/C6H13O3/c1-3-5(7)6(4-2)9-8/h5-7H,3-4H2,1-2H3"
921,PC4H9CHO,1,"InChI=1S/C5H10O/c1-2-3-4-5-6/h5H,2-4H2,1H3"
922,PC4H8CHO-1,2,"InChI=1S/C5H9O/c1-2-3-4-5-6/h4-5H,2-3H2,1H3"
923,PC4H8CHO-2,2,"InChI=1S/C5H9O/c1-2-3-4-5-6/h3,5H,2,4H2,1H3"
924,PC4H8CHO-3,2,"InChI=1S/C5H9O/c1-2-3-4-5-6/h2,5H,3-4H2,1H3"
925,PC4H8CHO-4,2,"InChI=1S/C5H9O/c1-2-3-4-5-6/h5H,1-4H2"
926,C6H11-1D3O,2,"InChI=1S/C6H11O/c1-3-5-6(7)4-2/h4,6H,2-3,5H2,1H3"
927,C6H11-1D4O,2,"InChI=1S/C6H11O/c1-3-5-6(7)4-2/h3,6H,1,4-5H2,2H3"
928,C6H11-1D5O,2,"InChI=1S/C6H11O/c1-3-4-5-6(2)7/h3,6H,1,4-5H2,2H3"
929,C6H11-1D6O,2,"InChI=1S/C6H11O/c1-2-3-4-5-6-7/h2H,1,3-6H2"
930,C6H11-2D1O,2,"InChI=1S/C6H11O/c1-2-3-4-5-6-7/h4-5H,2-3,6H2,1H3"
931,C6H11-2D4O,2,"InChI=1S/C6H11O/c1-3-5-6(7)4-2/h3,5-6H,4H2,1-2H3"
932,C6H11-2D5O,2,"InChI=1S/C6H11O/c1-3-4-5-6(2)7/h3-4,6H,5H2,1-2H3"
933,C6H11-2D6O,2,"InChI=1S/C6H11O/c1-2-3-4-5-6-7/h2-3H,4-6H2,1H3"
934,C6H11-3D1O,2,"InChI=1S/C6H11O/c1-2-3-4-5-6-7/h3-4H,2,5-6H2,1H3"
935,C6H11-3D2O,2,"InChI=1S/C6H11O/c1-3-4-5-6(2)7/h4-6H,3H2,1-2H3"
936,NC5H11CO,2,"InChI=1S/C6H11O/c1-2-3-4-5-6-7/h2-5H2,1H3"
937,NC5H10CHO-1,2,"InChI=1S/C6H11O/c1-2-3-4-5-6-7/h5-6H,2-4H2,1H3"
938,NC5H10CHO-2,2,"InChI=1S/C6H11O/c1-2-3-4-5-6-7/h4,6H,2-3,5H2,1H3"
939,NC5H10CHO-3,2,"InChI=1S/C6H11O/c1-2-3-4-5-6-7/h3,6H,2,4-5H2,1H3"
940,NC5H10CHO-4,2,"InChI=1S/C6H11O/c1-2-3-4-5-6-7/h2,6H,3-5H2,1H3"
941,NC5H10CHO-5,2,"InChI=1S/C6H11O/c1-2-3-4-5-6-7/h6H,1-5H2"
942,C6H10D13,1,"InChI=1S/C6H10/c1-3-5-6-4-2/h3,5-6H,1,4H2,2H3"
943,C6H10D24,1,"InChI=1S/C6H10/c1-3-5-6-4-2/h3-6H,1-2H3"
944,C6H101-5,1,"InChI=1S/C6H10/c1-3-5-6-4-2/h3-4H,1-2,5-6H2"
945,C6H9-A,2,"InChI=1S/C6H9/c1-3-5-6-4-2/h3-5H,1-2,6H2"
946,NC7H16,1,"InChI=1S/C7H16/c1-3-5-7-6-4-2/h3-7H2,1-2H3"
947,C7H15-1,2,"InChI=1S/C7H15/c1-3-5-7-6-4-2/h1,3-7H2,2H3"
948,C7H15-2,2,"InChI=1S/C7H15/c1-3-5-7-6-4-2/h3H,4-7H2,1-2H3"
949,C7H15-3,2,"InChI=1S/C7H15/c1-3-5-7-6-4-2/h5H,3-4,6-7H2,1-2H3"
950,C7H15-4,2,"InChI=1S/C7H15/c1-3-5-7-6-4-2/h7H,3-6H2,1-2H3"
951,C7H15OOH-1,1,"InChI=1S/C7H16O2/c1-2-3-4-5-6-7-9-8/h8H,2-7H2,1H3"
952,C7H15OOH-2,1,"InChI=1S/C7H16O2/c1-3-4-5-6-7(2)9-8/h7-8H,3-6H2,1-2H3"
953,C7H15OOH-3,1,"InChI=1S/C7H16O2/c1-3-5-6-7(4-2)9-8/h7-8H,3-6H2,1-2H3"
954,C7H15OOH-4,1,"InChI=1S/C7H16O2/c1-3-5-7(9-8)6-4-2/h7-8H,3-6H2,1-2H3"
955,C7H15-1O2,2,"InChI=1S/C7H15O2/c1-2-3-4-5-6-7-9-8/h2-7H2,1H3"
956,C7H15-2O2,2,"InChI=1S/C7H15O2/c1-3-4-5-6-7(2)9-8/h7H,3-6H2,1-2H3"
957,C7H15-3O2,2,"InChI=1S/C7H15O2/c1-3-5-6-7(4-2)9-8/h7H,3-6H2,1-2H3"
958,C7H15-4O2,2,"InChI=1S/C7H15O2/c1-3-5-7(9-8)6-4-2/h7H,3-6H2,1-2H3"
959,C7H15-1O,2,"InChI=1S/C7H15O/c1-2-3-4-5-6-7-8/h2-7H2,1H3"
960,C7H15-2O,2,"InChI=1S/C7H15O/c1-3-4-5-6-7(2)8/h7H,3-6H2,1-2H3"
961,C7H15-3O,2,"InChI=1S/C7H15O/c1-3-5-6-7(8)4-2/h7H,3-6H2,1-2H3"
962,C7H15-4O,2,"InChI=1S/C7H15O/c1-3-5-7(8)6-4-2/h7H,3-6H2,1-2H3"
963,C7H14OOH1-2,2,"InChI=1S/C7H15O2/c1-2-3-4-5-6-7-9-8/h6,8H,2-5,7H2,1H3"
964,C7H14OOH1-3,2,"InChI=1S/C7H15O2/c1-2-3-4-5-6-7-9-8/h5,8H,2-4,6-7H2,1H3"
965,C7H14OOH1-4,2,"InChI=1S/C7H15O2/c1-2-3-4-5-6-7-9-8/h4,8H,2-3,5-7H2,1H3"
966,C7H14OOH1-5,2,"InChI=1S/C7H15O2/c1-2-3-4-5-6-7-9-8/h3,8H,2,4-7H2,1H3"
967,C7H14OOH2-1,2,"InChI=1S/C7H15O2/c1-3-4-5-6-7(2)9-8/h7-8H,2-6H2,1H3"
968,C7H14OOH2-3,2,"InChI=1S/C7H15O2/c1-3-4-5-6-7(2)9-8/h6-8H,3-5H2,1-2H3"
969,C7H14OOH2-4,2,"InChI=1S/C7H15O2/c1-3-4-5-6-7(2)9-8/h5,7-8H,3-4,6H2,1-2H3"
970,C7H14OOH2-5,2,"InChI=1S/C7H15O2/c1-3-4-5-6-7(2)9-8/h4,7-8H,3,5-6H2,1-2H3"
971,C7H14OOH2-6,2,"InChI=1S/C7H15O2/c1-3-4-5-6-7(2)9-8/h3,7-8H,4-6H2,1-2H3"
972,C7H14OOH3-1,2,"InChI=1S/C7H15O2/c1-3-5-6-7(4-2)9-8/h7-8H,2-6H2,1H3"
973,C7H14OOH3-2,2,"InChI=1S/C7H15O2/c1-3-5-6-7(4-2)9-8/h4,7-8H,3,5-6H2,1-2H3"
974,C7H14OOH3-4,2,"InChI=1S/C7H15O2/c1-3-5-6-7(4-2)9-8/h6-8H,3-5H2,1-2H3"
975,C7H14OOH3-5,2,"InChI=1S/C7H15O2/c1-3-5-6-7(4-2)9-8/h5,7-8H,3-4,6H2,1-2H3"
976,C7H14OOH3-6,2,"InChI=1S/C7H15O2/c1-3-5-6-7(4-2)9-8/h3,7-8H,4-6H2,1-2H3"
977,C7H14OOH3-7,2,"InChI=1S/C7H15O2/c1-3-5-6-7(4-2)9-8/h7-8H,1,3-6H2,2H3"
978,C7H14OOH4-1,2,"InChI=1S/C7H15O2/c1-3-5-7(9-8)6-4-2/h7-8H,1,3-6H2,2H3"
979,C7H14OOH4-2,2,"InChI=1S/C7H15O2/c1-3-5-7(9-8)6-4-2/h3,7-8H,4-6H2,1-2H3"
980,C7H14OOH4-3,2,"InChI=1S/C7H15O2/c1-3-5-7(9-8)6-4-2/h5,7-8H,3-4,6H2,1-2H3"
981,C7H14O1-2,1,"InChI=1S/C7H14O/c1-2-3-4-5-7-6-8-7/h7H,2-6H2,1H3"
982,C7H14O1-3,1,"InChI=1S/C7H14O/c1-2-3-4-7-5-6-8-7/h7H,2-6H2,1H3"
983,C7H14O1-4,1,"InChI=1S/C7H14O/c1-2-4-7-5-3-6-8-7/h7H,2-6H2,1H3"
984,C7H14O1-5,1,"InChI=1S/C7H14O/c1-2-7-5-3-4-6-8-7/h7H,2-6H2,1H3"
985,C7H14O2-3,1,"InChI=1S/C7H14O/c1-3-4-5-7-6(2)8-7/h6-7H,3-5H2,1-2H3"
986,C7H14O2-4,1,"InChI=1S/C7H14O/c1-3-4-7-5-6(2)8-7/h6-7H,3-5H2,1-2H3"
987,C7H14O2-5,1,"InChI=1S/C7H14O/c1-3-7-5-4-6(2)8-7/h6-7H,3-5H2,1-2H3"
988,C7H14O2-6,1,"InChI=1S/C7H14O/c1-6-4-3-5-7(2)8-6/h6-7H,3-5H2,1-2H3"
989,C7H14O3-4,1,"InChI=1S/C7H14O/c1-3-5-7-6(4-2)8-7/h6-7H,3-5H2,1-2H3"
990,C7H14O3-5,1,"InChI=1S/C7H14O/c1-3-6-5-7(4-2)8-6/h6-7H,3-5H2,1-2H3"
991,C7H14OOH1-2O2,2,"InChI=1S/C7H15O4/c1-2-3-4-5-7(11-9)6-10-8/h7-8H,2-6H2,1H3"
992,C7H14OOH1-3O2,2,"InChI=1S/C7H15O4/c1-2-3-4-7(11-9)5-6-10-8/h7-8H,2-6H2,1H3"
993,C7H14OOH1-4O2,2,"InChI=1S/C7H15O4/c1-2-4-7(11-9)5-3-6-10-8/h7-8H,2-6H2,1H3"
994,C7H14OOH1-5O2,2,"InChI=1S/C7H15O4/c1-2-7(11-9)5-3-4-6-10-8/h7-8H,2-6H2,1H3"
995,C7H14OOH2-1O2,2,"InChI=1S/C7H15O4/c1-2-3-4-5-7(11-9)6-10-8/h7,9H,2-6H2,1H3"
996,C7H14OOH2-3O2,2,"InChI=1S/C7H15O4/c1-3-4-5-7(11-9)6(2)10-8/h6-8H,3-5H2,1-2H3"
997,C7H14OOH2-4O2,2,"InChI=1S/C7H15O4/c1-3-4-7(11-9)5-6(2)10-8/h6-8H,3-5H2,1-2H3"
998,C7H14OOH2-5O2,2,"InChI=1S/C7H15O4/c1-3-7(11-9)5-4-6(2)10-8/h6-8H,3-5H2,1-2H3"
999,C7H14OOH2-6O2,2,"InChI=1S/C7H15O4/c1-6(10-8)4-3-5-7(2)11-9/h6-8H,3-5H2,1-2H3"
1000,C7H14OOH3-1O2,2,"InChI=1S/C7H15O4/c1-2-3-4-7(11-9)5-6-10-8/h7,9H,2-6H2,1H3"
1001,C7H14OOH3-2O2,2,"InChI=1S/C7H15O4/c1-3-4-5-7(11-9)6(2)10-8/h6-7,9H,3-5H2,1-2H3"
1002,C7H14OOH3-4O2,2,"InChI=1S/C7H15O4/c1-3-5-7(11-9)6(4-2)10-8/h6-8H,3-5H2,1-2H3"
1003,C7H14OOH3-5O2,2,"InChI=1S/C7H15O4/c1-3-6(10-8)5-7(4-2)11-9/h6-8H,3-5H2,1-2H3"
1004,C7H14OOH3-6O2,2,"InChI=1S/C7H15O4/c1-3-7(11-9)5-4-6(2)10-8/h6-7,9H,3-5H2,1-2H3"
1005,C7H14OOH3-7O2,2,"InChI=1S/C7H15O4/c1-2-7(11-9)5-3-4-6-10-8/h7,9H,2-6H2,1H3"
1006,C7H14OOH4-1O2,2,"InChI=1S/C7H15O4/c1-2-4-7(11-9)5-3-6-10-8/h7,9H,2-6H2,1H3"
1007,C7H14OOH4-2O2,2,"InChI=1S/C7H15O4/c1-3-4-7(11-9)5-6(2)10-8/h6-7,9H,3-5H2,1-2H3"
1008,C7H14OOH4-3O2,2,"InChI=1S/C7H15O4/c1-3-5-7(11-9)6(4-2)10-8/h6-7,9H,3-5H2,1-2H3"
1009,C7H13Q12-3,2,"InChI=1S/C7H15O4/c1-2-3-4-5-7(11-9)6-10-8/h5,7-9H,2-4,6H2,1H3"
1010,C7H13Q12-4,2,"InChI=1S/C7H15O4/c1-2-3-4-5-7(11-9)6-10-8/h4,7-9H,2-3,5-6H2,1H3"
1011,C7H13Q12-5,2,"InChI=1S/C7H15O4/c1-2-3-4-5-7(11-9)6-10-8/h3,7-9H,2,4-6H2,1H3"
1012,C7H13Q12-6,2,"InChI=1S/C7H15O4/c1-2-3-4-5-7(11-9)6-10-8/h2,7-9H,3-6H2,1H3"
1013,C7H13Q13-2,2,"InChI=1S/C7H15O4/c1-2-3-4-7(11-9)5-6-10-8/h5,7-9H,2-4,6H2,1H3"
1014,C7H13Q13-4,2,"InChI=1S/C7H15O4/c1-2-3-4-7(11-9)5-6-10-8/h4,7-9H,2-3,5-6H2,1H3"
1015,C7H13Q13-5,2,"InChI=1S/C7H15O4/c1-2-3-4-7(11-9)5-6-10-8/h3,7-9H,2,4-6H2,1H3"
1016,C7H13Q13-6,2,"InChI=1S/C7H15O4/c1-2-3-4-7(11-9)5-6-10-8/h2,7-9H,3-6H2,1H3"
1017,C7H13Q13-7,2,"InChI=1S/C7H15O4/c1-2-3-4-7(11-9)5-6-10-8/h7-9H,1-6H2"
1018,C7H13Q14-2,2,"InChI=1S/C7H15O4/c1-2-4-7(11-9)5-3-6-10-8/h3,7-9H,2,4-6H2,1H3"
1019,C7H13Q14-3,2,"InChI=1S/C7H15O4/c1-2-4-7(11-9)5-3-6-10-8/h5,7-9H,2-4,6H2,1H3"
1020,C7H13Q14-5,2,"InChI=1S/C7H15O4/c1-2-4-7(11-9)5-3-6-10-8/h4,7-9H,2-3,5-6H2,1H3"
1021,C7H13Q14-6,2,"InChI=1S/C7H15O4/c1-2-4-7(11-9)5-3-6-10-8/h2,7-9H,3-6H2,1H3"
1022,C7H13Q14-7,2,"InChI=1S/C7H15O4/c1-2-4-7(11-9)5-3-6-10-8/h7-9H,1-6H2"
1023,C7H13Q15-2,2,"InChI=1S/C7H15O4/c1-2-7(11-9)5-3-4-6-10-8/h4,7-9H,2-3,5-6H2,1H3"
1024,C7H13Q15-3,2,"InChI=1S/C7H15O4/c1-2-7(11-9)5-3-4-6-10-8/h3,7-9H,2,4-6H2,1H3"
1025,C7H13Q15-4,2,"InChI=1S/C7H15O4/c1-2-7(11-9)5-3-4-6-10-8/h5,7-9H,2-4,6H2,1H3"
1026,C7H13Q15-6,2,"InChI=1S/C7H15O4/c1-2-7(11-9)5-3-4-6-10-8/h2,7-9H,3-6H2,1H3"
1027,C7H13Q15-7,2,"InChI=1S/C7H15O4/c1-2-7(11-9)5-3-4-6-10-8/h7-9H,1-6H2"
1028,C7H13Q23-1,2,"InChI=1S/C7H15O4/c1-3-4-5-7(11-9)6(2)10-8/h6-9H,2-5H2,1H3"
1029,C7H13Q23-4,2,"InChI=1S/C7H15O4/c1-3-4-5-7(11-9)6(2)10-8/h5-9H,3-4H2,1-2H3"
1030,C7H13Q23-5,2,"InChI=1S/C7H15O4/c1-3-4-5-7(11-9)6(2)10-8/h4,6-9H,3,5H2,1-2H3"
1031,C7H13Q23-6,2,"InChI=1S/C7H15O4/c1-3-4-5-7(11-9)6(2)10-8/h3,6-9H,4-5H2,1-2H3"
1032,C7H13Q23-7,2,"InChI=1S/C7H15O4/c1-3-4-5-7(11-9)6(2)10-8/h6-9H,1,3-5H2,2H3"
1033,C7H13Q24-1,2,"InChI=1S/C7H15O4/c1-3-4-7(11-9)5-6(2)10-8/h6-9H,2-5H2,1H3"
1034,C7H13Q24-3,2,"InChI=1S/C7H15O4/c1-3-4-7(11-9)5-6(2)10-8/h5-9H,3-4H2,1-2H3"
1035,C7H13Q24-5,2,"InChI=1S/C7H15O4/c1-3-4-7(11-9)5-6(2)10-8/h4,6-9H,3,5H2,1-2H3"
1036,C7H13Q24-6,2,"InChI=1S/C7H15O4/c1-3-4-7(11-9)5-6(2)10-8/h3,6-9H,4-5H2,1-2H3"
1037,C7H13Q24-7,2,"InChI=1S/C7H15O4/c1-3-4-7(11-9)5-6(2)10-8/h6-9H,1,3-5H2,2H3"
1038,C7H13Q25-1,2,"InChI=1S/C7H15O4/c1-3-7(11-9)5-4-6(2)10-8/h6-9H,2-5H2,1H3"
1039,C7H13Q25-3,2,"InChI=1S/C7H15O4/c1-3-7(11-9)5-4-6(2)10-8/h4,6-9H,3,5H2,1-2H3"
1040,C7H13Q25-4,2,"InChI=1S/C7H15O4/c1-3-7(11-9)5-4-6(2)10-8/h5-9H,3-4H2,1-2H3"
1041,C7H13Q25-6,2,"InChI=1S/C7H15O4/c1-3-7(11-9)5-4-6(2)10-8/h3,6-9H,4-5H2,1-2H3"
1042,C7H13Q25-7,2,"InChI=1S/C7H15O4/c1-3-7(11-9)5-4-6(2)10-8/h6-9H,1,3-5H2,2H3"
1043,C7H13Q26-1,2,"InChI=1S/C7H15O4/c1-6(10-8)4-3-5-7(2)11-9/h6-9H,1,3-5H2,2H3"
1044,C7H13Q26-3,2,"InChI=1S/C7H15O4/c1-6(10-8)4-3-5-7(2)11-9/h4,6-9H,3,5H2,1-2H3"
1045,C7H13Q26-4,2,"InChI=1S/C7H15O4/c1-6(10-8)4-3-5-7(2)11-9/h3,6-9H,4-5H2,1-2H3"
1046,C7H13Q34-1,2,"InChI=1S/C7H15O4/c1-3-5-7(11-9)6(4-2)10-8/h6-9H,2-5H2,1H3"
1047,C7H13Q34-2,2,"InChI=1S/C7H15O4/c1-3-5-7(11-9)6(4-2)10-8/h4,6-9H,3,5H2,1-2H3"
1048,C7H13Q34-5,2,"InChI=1S/C7H15O4/c1-3-5-7(11-9)6(4-2)10-8/h5-9H,3-4H2,1-2H3"
1049,C7H13Q34-6,2,"InChI=1S/C7H15O4/c1-3-5-7(11-9)6(4-2)10-8/h3,6-9H,4-5H2,1-2H3"
1050,C7H13Q34-7,2,"InChI=1S/C7H15O4/c1-3-5-7(11-9)6(4-2)10-8/h6-9H,1,3-5H2,2H3"
1051,C7H13Q35-1,2,"InChI=1S/C7H15O4/c1-3-6(10-8)5-7(4-2)11-9/h6-9H,1,3-5H2,2H3"
1052,C7H13Q35-2,2,"InChI=1S/C7H15O4/c1-3-6(10-8)5-7(4-2)11-9/h3,6-9H,4-5H2,1-2H3"
1053,C7H13Q35-4,2,"InChI=1S/C7H15O4/c1-3-6(10-8)5-7(4-2)11-9/h5-9H,3-4H2,1-2H3"
1054,C7KET12,1,"InChI=1S/C7H14O3/c1-2-3-4-5-7(6-8)10-9/h6-7,9H,2-5H2,1H3"
1055,C7KET13,1,"InChI=1S/C7H14O3/c1-2-3-4-7(10-9)5-6-8/h6-7,9H,2-5H2,1H3"
1056,C7KET14,1,"InChI=1S/C7H14O3/c1-2-4-7(10-9)5-3-6-8/h6-7,9H,2-5H2,1H3"
1057,C7KET15,1,"InChI=1S/C7H14O3/c1-2-7(10-9)5-3-4-6-8/h6-7,9H,2-5H2,1H3"
1058,C7KET21,1,"InChI=1S/C7H14O3/c1-2-3-4-5-7(8)6-10-9/h9H,2-6H2,1H3"
1059,C7KET23,1,"InChI=1S/C7H14O3/c1-3-4-5-7(10-9)6(2)8/h7,9H,3-5H2,1-2H3"
1060,C7KET24,1,"InChI=1S/C7H14O3/c1-3-4-7(10-9)5-6(2)8/h7,9H,3-5H2,1-2H3"
1061,C7KET25,1,"InChI=1S/C7H14O3/c1-3-7(10-9)5-4-6(2)8/h7,9H,3-5H2,1-2H3"
1062,C7KET26,1,"InChI=1S/C7H14O3/c1-6(8)4-3-5-7(2)10-9/h7,9H,3-5H2,1-2H3"
1063,C7KET31,1,"InChI=1S/C7H14O3/c1-2-3-4-7(8)5-6-10-9/h9H,2-6H2,1H3"
1064,C7KET32,1,"InChI=1S/C7H14O3/c1-3-4-5-7(8)6(2)10-9/h6,9H,3-5H2,1-2H3"
1065,C7KET34,1,"InChI=1S/C7H14O3/c1-3-5-7(10-9)6(8)4-2/h7,9H,3-5H2,1-2H3"
1066,C7KET35,1,"InChI=1S/C7H14O3/c1-3-6(8)5-7(4-2)10-9/h7,9H,3-5H2,1-2H3"
1067,C7KET36,1,"InChI=1S/C7H14O3/c1-3-7(8)5-4-6(2)10-9/h6,9H,3-5H2,1-2H3"
1068,C7KET37,1,"InChI=1S/C7H14O3/c1-2-7(8)5-3-4-6-10-9/h9H,2-6H2,1H3"
1069,C7KET41,1,"InChI=1S/C7H14O3/c1-2-4-7(8)5-3-6-10-9/h9H,2-6H2,1H3"
1070,C7KET42,1,"InChI=1S/C7H14O3/c1-3-4-7(8)5-6(2)10-9/h6,9H,3-5H2,1-2H3"
1071,C7KET43,1,"InChI=1S/C7H14O3/c1-3-5-6(8)7(4-2)10-9/h7,9H,3-5H2,1-2H3"
1072,C7H13-1D3OOH,1,"InChI=1S/C7H14O2/c1-3-5-6-7(4-2)9-8/h4,7-8H,2-3,5-6H2,1H3"
1073,C7H13-1D4OOH,1,"InChI=1S/C7H14O2/c1-3-5-7(9-8)6-4-2/h3,7-8H,1,4-6H2,2H3"
1074,C7H13-1D5OOH,1,"InChI=1S/C7H14O2/c1-3-5-6-7(4-2)9-8/h3,7-8H,1,4-6H2,2H3"
1075,C7H13-1D6OOH,1,"InChI=1S/C7H14O2/c1-3-4-5-6-7(2)9-8/h3,7-8H,1,4-6H2,2H3"
1076,C7H13-2D1OOH,1,"InChI=1S/C7H14O2/c1-2-3-4-5-6-7-9-8/h5-6,8H,2-4,7H2,1H3"
1077,C7H13-2D4OOH,1,"InChI=1S/C7H14O2/c1-3-5-7(9-8)6-4-2/h3,5,7-8H,4,6H2,1-2H3"
1078,C7H13-2D5OOH,1,"InChI=1S/C7H14O2/c1-3-5-6-7(4-2)9-8/h3,5,7-8H,4,6H2,1-2H3"
1079,C7H13-2D6OOH,1,"InChI=1S/C7H14O2/c1-3-4-5-6-7(2)9-8/h3-4,7-8H,5-6H2,1-2H3"
1080,C7H13-2D7OOH,1,"InChI=1S/C7H14O2/c1-2-3-4-5-6-7-9-8/h2-3,8H,4-7H2,1H3"
1081,C7H13-3D1OOH,1,"InChI=1S/C7H14O2/c1-2-3-4-5-6-7-9-8/h4-5,8H,2-3,6-7H2,1H3"
1082,C7H13-3D2OOH,1,"InChI=1S/C7H14O2/c1-3-4-5-6-7(2)9-8/h5-8H,3-4H2,1-2H3"
1083,C7H13-3D5OOH,1,"InChI=1S/C7H14O2/c1-3-5-6-7(4-2)9-8/h5-8H,3-4H2,1-2H3"
1084,C7H13-3D6OOH,1,"InChI=1S/C7H14O2/c1-3-4-5-6-7(2)9-8/h4-5,7-8H,3,6H2,1-2H3"
1085,C7H13-3D7OOH,1,"InChI=1S/C7H14O2/c1-2-3-4-5-6-7-9-8/h3-4,8H,2,5-7H2,1H3"
1086,C7H13O12-3OOH,1,"InChI=1S/C7H14O3/c1-2-3-4-6(10-8)7-5-9-7/h6-8H,2-5H2,1H3"
1087,C7H13O12-4OOH,1,"InChI=1S/C7H14O3/c1-2-3-6(10-8)4-7-5-9-7/h6-8H,2-5H2,1H3"
1088,C7H13O12-5OOH,1,"InChI=1S/C7H14O3/c1-2-6(10-8)3-4-7-5-9-7/h6-8H,2-5H2,1H3"
1089,C7H13O12-6OOH,1,"InChI=1S/C7H14O3/c1-6(10-8)3-2-4-7-5-9-7/h6-8H,2-5H2,1H3"
1090,C7H13O13-2OOH,1,"InChI=1S/C7H14O3/c1-2-3-4-6-7(10-8)5-9-6/h6-8H,2-5H2,1H3"
1091,C7H13O13-4OOH,1,"InChI=1S/C7H14O3/c1-2-3-7(10-8)6-4-5-9-6/h6-8H,2-5H2,1H3"
1092,C7H13O13-5OOH,1,"InChI=1S/C7H14O3/c1-2-6(10-8)5-7-3-4-9-7/h6-8H,2-5H2,1H3"
1093,C7H13O13-6OOH,1,"InChI=1S/C7H14O3/c1-6(10-8)2-3-7-4-5-9-7/h6-8H,2-5H2,1H3"
1094,C7H13O13-7OOH,1,"InChI=1S/C7H14O3/c8-10-5-2-1-3-7-4-6-9-7/h7-8H,1-6H2"
1095,C7H13O14-2OOH,1,"InChI=1S/C7H14O3/c1-2-3-6-4-7(10-8)5-9-6/h6-8H,2-5H2,1H3"
1096,C7H13O14-3OOH,1,"InChI=1S/C7H14O3/c1-2-3-6-7(10-8)4-5-9-6/h6-8H,2-5H2,1H3"
1097,C7H13O14-5OOH,1,"InChI=1S/C7H14O3/c1-2-6(10-8)7-4-3-5-9-7/h6-8H,2-5H2,1H3"
1098,C7H13O14-6OOH,1,"InChI=1S/C7H14O3/c1-6(10-8)5-7-3-2-4-9-7/h6-8H,2-5H2,1H3"
1099,C7H13O14-7OOH,1,"InChI=1S/C7H14O3/c8-10-6-2-4-7-3-1-5-9-7/h7-8H,1-6H2"
1100,C7H13O15-2OOH,1,"InChI=1S/C7H14O3/c1-2-6-3-4-7(10-8)5-9-6/h6-8H,2-5H2,1H3"
1101,C7H13O15-3OOH,1,"InChI=1S/C7H14O3/c1-2-6-5-7(10-8)3-4-9-6/h6-8H,2-5H2,1H3"
1102,C7H13O15-4OOH,1,"InChI=1S/C7H14O3/c1-2-6-7(10-8)4-3-5-9-6/h6-8H,2-5H2,1H3"
1103,C7H13O15-6OOH,1,"InChI=1S/C7H14O3/c1-6(10-8)7-4-2-3-5-9-7/h6-8H,2-5H2,1H3"
1104,C7H13O15-7OOH,1,"InChI=1S/C7H14O3/c8-10-6-4-7-3-1-2-5-9-7/h7-8H,1-6H2"
1105,C7H13O23-1OOH,1,"InChI=1S/C7H14O3/c1-2-3-4-6-7(10-6)5-9-8/h6-8H,2-5H2,1H3"
1106,C7H13O23-4OOH,1,"InChI=1S/C7H14O3/c1-3-4-6(10-8)7-5(2)9-7/h5-8H,3-4H2,1-2H3"
1107,C7H13O23-5OOH,1,"InChI=1S/C7H14O3/c1-3-6(10-8)4-7-5(2)9-7/h5-8H,3-4H2,1-2H3"
1108,C7H13O23-6OOH,1,"InChI=1S/C7H14O3/c1-5(10-8)3-4-7-6(2)9-7/h5-8H,3-4H2,1-2H3"
1109,C7H13O23-7OOH,1,"InChI=1S/C7H14O3/c1-6-7(10-6)4-2-3-5-9-8/h6-8H,2-5H2,1H3"
1110,C7H13O24-1OOH,1,"InChI=1S/C7H14O3/c1-2-3-6-4-7(10-6)5-9-8/h6-8H,2-5H2,1H3"
1111,C7H13O24-3OOH,1,"InChI=1S/C7H14O3/c1-3-4-6-7(10-8)5(2)9-6/h5-8H,3-4H2,1-2H3"
1112,C7H13O24-5OOH,1,"InChI=1S/C7H14O3/c1-3-6(10-8)7-4-5(2)9-7/h5-8H,3-4H2,1-2H3"
1113,C7H13O24-6OOH,1,"InChI=1S/C7H14O3/c1-5-3-7(9-5)4-6(2)10-8/h5-8H,3-4H2,1-2H3"
1114,C7H13O24-7OOH,1,"InChI=1S/C7H14O3/c1-6-5-7(10-6)3-2-4-9-8/h6-8H,2-5H2,1H3"
1115,C7H13O25-1OOH,1,"InChI=1S/C7H14O3/c1-2-6-3-4-7(10-6)5-9-8/h6-8H,2-5H2,1H3"
1116,C7H13O25-3OOH,1,"InChI=1S/C7H14O3/c1-3-6-4-7(10-8)5(2)9-6/h5-8H,3-4H2,1-2H3"
1117,C7H13O25-4OOH,1,"InChI=1S/C7H14O3/c1-3-6-7(10-8)4-5(2)9-6/h5-8H,3-4H2,1-2H3"
1118,C7H13O25-6OOH,1,"InChI=1S/C7H14O3/c1-5-3-4-7(9-5)6(2)10-8/h5-8H,3-4H2,1-2H3"
1119,C7H13O25-7OOH,1,"InChI=1S/C7H14O3/c1-6-2-3-7(10-6)4-5-9-8/h6-8H,2-5H2,1H3"
1120,C7H13O26-1OOH,1,"InChI=1S/C7H14O3/c1-6-3-2-4-7(10-6)5-9-8/h6-8H,2-5H2,1H3"
1121,C7H13O26-3OOH,1,"InChI=1S/C7H14O3/c1-5-3-4-7(10-8)6(2)9-5/h5-8H,3-4H2,1-2H3"
1122,C7H13O26-4OOH,1,"InChI=1S/C7H14O3/c1-5-3-7(10-8)4-6(2)9-5/h5-8H,3-4H2,1-2H3"
1123,C7H13O34-1OOH,1,"InChI=1S/C7H14O3/c1-2-3-6-7(10-6)4-5-9-8/h6-8H,2-5H2,1H3"
1124,C7H13O34-2OOH,1,"InChI=1S/C7H14O3/c1-3-4-6-7(9-6)5(2)10-8/h5-8H,3-4H2,1-2H3"
1125,C7H13O34-5OOH,1,"InChI=1S/C7H14O3/c1-3-5-7(9-5)6(4-2)10-8/h5-8H,3-4H2,1-2H3"
1126,C7H13O34-6OOH,1,"InChI=1S/C7H14O3/c1-3-6-7(9-6)4-5(2)10-8/h5-8H,3-4H2,1-2H3"
1127,C7H13O34-7OOH,1,"InChI=1S/C7H14O3/c1-2-6-7(10-6)4-3-5-9-8/h6-8H,2-5H2,1H3"
1128,C7H13O35-1OOH,1,"InChI=1S/C7H14O3/c1-2-6-5-7(10-6)3-4-9-8/h6-8H,2-5H2,1H3"
1129,C7H13O35-2OOH,1,"InChI=1S/C7H14O3/c1-3-6-4-7(9-6)5(2)10-8/h5-8H,3-4H2,1-2H3"
1130,C7H13O35-4OOH,1,"InChI=1S/C7H14O3/c1-3-5-7(10-8)6(4-2)9-5/h5-8H,3-4H2,1-2H3"
1131,C7KET12O,2,"InChI=1S/C7H13O2/c1-2-3-4-5-7(9)6-8/h6-7H,2-5H2,1H3"
1132,C7KET13O,2,"InChI=1S/C7H13O2/c1-2-3-4-7(9)5-6-8/h6-7H,2-5H2,1H3"
1133,C7KET14O,2,"InChI=1S/C7H13O2/c1-2-4-7(9)5-3-6-8/h6-7H,2-5H2,1H3"
1134,C7KET15O,2,"InChI=1S/C7H13O2/c1-2-7(9)5-3-4-6-8/h6-7H,2-5H2,1H3"
1135,C7KET21O,2,"InChI=1S/C7H13O2/c1-2-3-4-5-7(9)6-8/h2-6H2,1H3"
1136,C7KET23O,2,"InChI=1S/C7H13O2/c1-3-4-5-7(9)6(2)8/h7H,3-5H2,1-2H3"
1137,C7KET24O,2,"InChI=1S/C7H13O2/c1-3-4-7(9)5-6(2)8/h7H,3-5H2,1-2H3"
1138,C7KET25O,2,"InChI=1S/C7H13O2/c1-3-7(9)5-4-6(2)8/h7H,3-5H2,1-2H3"
1139,C7KET26O,2,"InChI=1S/C7H13O2/c1-6(8)4-3-5-7(2)9/h6H,3-5H2,1-2H3"
1140,C7KET31O,2,"InChI=1S/C7H13O2/c1-2-3-4-7(9)5-6-8/h2-6H2,1H3"
1141,C7KET32O,2,"InChI=1S/C7H13O2/c1-3-4-5-7(9)6(2)8/h6H,3-5H2,1-2H3"
1142,C7KET34O,2,"InChI=1S/C7H13O2/c1-3-5-7(9)6(8)4-2/h7H,3-5H2,1-2H3"
1143,C7KET35O,2,"InChI=1S/C7H13O2/c1-3-6(8)5-7(9)4-2/h6H,3-5H2,1-2H3"
1144,C7KET36O,2,"InChI=1S/C7H13O2/c1-3-7(9)5-4-6(2)8/h6H,3-5H2,1-2H3"
1145,C7KET37O,2,"InChI=1S/C7H13O2/c1-2-7(9)5-3-4-6-8/h2-6H2,1H3"
1146,C7KET41O,2,"InChI=1S/C7H13O2/c1-2-4-7(9)5-3-6-8/h2-6H2,1H3"
1147,C7KET42O,2,"InChI=1S/C7H13O2/c1-3-4-7(9)5-6(2)8/h6H,3-5H2,1-2H3"
1148,C7KET43O,2,"InChI=1S/C7H13O2/c1-3-5-7(9)6(8)4-2/h6H,3-5H2,1-2H3"
1149,C7Y24,1,"InChI=1S/C7H12O2/c1-3-4-7(9)5-6(2)8/h3-5H2,1-2H3"
1150,C7Y13,1,"InChI=1S/C7H12O2/c1-2-3-4-7(9)5-6-8/h6H,2-5H2,1H3"
1151,C7Y35,1,"InChI=1S/C7H12O2/c1-3-6(8)5-7(9)4-2/h3-5H2,1-2H3"
1152,C7H14OOH1-2O,2,"InChI=1S/C7H15O3/c1-2-3-4-5-7(8)6-10-9/h7,9H,2-6H2,1H3"
1153,C7H14OOH1-3O,2,"InChI=1S/C7H15O3/c1-2-3-4-7(8)5-6-10-9/h7,9H,2-6H2,1H3"
1154,C7H14OOH1-4O,2,"InChI=1S/C7H15O3/c1-2-4-7(8)5-3-6-10-9/h7,9H,2-6H2,1H3"
1155,C7H14OOH1-5O,2,"InChI=1S/C7H15O3/c1-2-7(8)5-3-4-6-10-9/h7,9H,2-6H2,1H3"
1156,C7H14OOH2-1O,2,"InChI=1S/C7H15O3/c1-2-3-4-5-7(6-8)10-9/h7,9H,2-6H2,1H3"
1157,C7H14OOH2-3O,2,"InChI=1S/C7H15O3/c1-3-4-5-7(8)6(2)10-9/h6-7,9H,3-5H2,1-2H3"
1158,C7H14OOH2-4O,2,"InChI=1S/C7H15O3/c1-3-4-7(8)5-6(2)10-9/h6-7,9H,3-5H2,1-2H3"
1159,C7H14OOH2-5O,2,"InChI=1S/C7H15O3/c1-3-7(8)5-4-6(2)10-9/h6-7,9H,3-5H2,1-2H3"
1160,C7H14OOH2-6O,2,"InChI=1S/C7H15O3/c1-6(8)4-3-5-7(2)10-9/h6-7,9H,3-5H2,1-2H3"
1161,C7H14OOH3-1O,2,"InChI=1S/C7H15O3/c1-2-3-4-7(10-9)5-6-8/h7,9H,2-6H2,1H3"
1162,C7H14OOH3-2O,2,"InChI=1S/C7H15O3/c1-3-4-5-7(10-9)6(2)8/h6-7,9H,3-5H2,1-2H3"
1163,C7H14OOH3-4O,2,"InChI=1S/C7H15O3/c1-3-5-6(8)7(4-2)10-9/h6-7,9H,3-5H2,1-2H3"
1164,C7H14OOH3-5O,2,"InChI=1S/C7H15O3/c1-3-6(8)5-7(4-2)10-9/h6-7,9H,3-5H2,1-2H3"
1165,C7H14OOH3-6O,2,"InChI=1S/C7H15O3/c1-3-7(10-9)5-4-6(2)8/h6-7,9H,3-5H2,1-2H3"
1166,C7H14OOH3-7O,2,"InChI=1S/C7H15O3/c1-2-7(10-9)5-3-4-6-8/h7,9H,2-6H2,1H3"
1167,C7H14OOH4-1O,2,"InChI=1S/C7H15O3/c1-2-4-7(10-9)5-3-6-8/h7,9H,2-6H2,1H3"
1168,C7H14OOH4-2O,2,"InChI=1S/C7H15O3/c1-3-4-7(10-9)5-6(2)8/h6-7,9H,3-5H2,1-2H3"
1169,C7H14OOH4-3O,2,"InChI=1S/C7H15O3/c1-3-5-7(10-9)6(8)4-2/h6-7,9H,3-5H2,1-2H3"
1170,C6H11O13-6,2,"InChI=1S/C6H11O/c1-2-3-6-4-5-7-6/h6H,1-5H2"
1171,C6H11O14-6,2,"InChI=1S/C6H11O/c1-2-6-4-3-5-7-6/h6H,1-5H2"
1172,C6H11O15-6,2,"InChI=1S/C6H11O/c1-6-4-2-3-5-7-6/h6H,1-5H2"
1173,C6H11O23-1,2,"InChI=1S/C6H11O/c1-3-4-6-5(2)7-6/h5-6H,2-4H2,1H3"
1174,C6H11O23-6,2,"InChI=1S/C6H11O/c1-3-4-6-5(2)7-6/h5-6H,1,3-4H2,2H3"
1175,C6H11O24-1,2,"InChI=1S/C6H11O/c1-3-6-4-5(2)7-6/h5-6H,2-4H2,1H3"
1176,C6H11O24-6,2,"InChI=1S/C6H11O/c1-3-6-4-5(2)7-6/h5-6H,1,3-4H2,2H3"
1177,C6H11O34-1,2,"InChI=1S/C6H11O/c1-3-5-6(4-2)7-5/h5-6H,1,3-4H2,2H3"
1178,C6Y2-1J,2,"InChI=1S/C6H11O/c1-3-4-5-6(2)7/h2-5H2,1H3"
1179,C6Y3-6J,2,"InChI=1S/C6H11O/c1-3-5-6(7)4-2/h1,3-5H2,2H3"
1180,C6Y3-1J,2,"InChI=1S/C6H11O/c1-3-5-6(7)4-2/h2-5H2,1H3"
1181,C7H14-1,1,"InChI=1S/C7H14/c1-3-5-7-6-4-2/h3H,1,4-7H2,2H3"
1182,C7H14-2,1,"InChI=1S/C7H14/c1-3-5-7-6-4-2/h3,5H,4,6-7H2,1-2H3"
1183,C7H14-3,1,"InChI=1S/C7H14/c1-3-5-7-6-4-2/h5,7H,3-4,6H2,1-2H3"
1184,C7H131-3,2,"InChI=1S/C7H13/c1-3-5-7-6-4-2/h3,5H,1,4,6-7H2,2H3"
1185,C7H131-4,2,"InChI=1S/C7H13/c1-3-5-7-6-4-2/h3,7H,1,4-6H2,2H3"
1186,C7H131-5,2,"InChI=1S/C7H13/c1-3-5-7-6-4-2/h3,6H,1,4-5,7H2,2H3"
1187,C7H131-6,2,"InChI=1S/C7H13/c1-3-5-7-6-4-2/h3-4H,1,5-7H2,2H3"
1188,C7H131-7,2,"InChI=1S/C7H13/c1-3-5-7-6-4-2/h3H,1-2,4-7H2"
1189,C7H132-4,2,"InChI=1S/C7H13/c1-3-5-7-6-4-2/h3,5,7H,4,6H2,1-2H3"
1190,C7H132-5,2,"InChI=1S/C7H13/c1-3-5-7-6-4-2/h3,5-6H,4,7H2,1-2H3"
1191,C7H132-6,2,"InChI=1S/C7H13/c1-3-5-7-6-4-2/h3-5H,6-7H2,1-2H3"
1192,C7H132-7,2,"InChI=1S/C7H13/c1-3-5-7-6-4-2/h4,6H,1,3,5,7H2,2H3"
1193,C7H133-1,2,"InChI=1S/C7H13/c1-3-5-7-6-4-2/h5,7H,1,3-4,6H2,2H3"
1194,C7H133-5,2,"InChI=1S/C7H13/c1-3-5-7-6-4-2/h5-7H,3-4H2,1-2H3"
1195,C7H133-6,2,"InChI=1S/C7H13/c1-3-5-7-6-4-2/h3,6-7H,4-5H2,1-2H3"
1196,C7H133-7,2,"InChI=1S/C7H13/c1-3-5-7-6-4-2/h6-7H,1,3-5H2,2H3"
1197,C7H13-1D3O,2,"InChI=1S/C7H13O/c1-3-5-6-7(8)4-2/h4,7H,2-3,5-6H2,1H3"
1198,C7H13-2D4O,2,"InChI=1S/C7H13O/c1-3-5-7(8)6-4-2/h3,5,7H,4,6H2,1-2H3"
1199,C7H13-3D5O,2,"InChI=1S/C7H13O/c1-3-5-6-7(8)4-2/h5-7H,3-4H2,1-2H3"
1200,C7H14OH-1J2,2,"InChI=1S/C7H15O/c1-2-3-4-5-6-7-8/h6,8H,2-5,7H2,1H3"
1201,C7H14OH-2J1,2,"InChI=1S/C7H15O/c1-3-4-5-6-7(2)8/h7-8H,2-6H2,1H3"
1202,C7H14OH-2J3,2,"InChI=1S/C7H15O/c1-3-4-5-6-7(2)8/h6-8H,3-5H2,1-2H3"
1203,C7H14OH-3J2,2,"InChI=1S/C7H15O/c1-3-5-6-7(8)4-2/h4,7-8H,3,5-6H2,1-2H3"
1204,C7H14OH-3J4,2,"InChI=1S/C7H15O/c1-3-5-6-7(8)4-2/h6-8H,3-5H2,1-2H3"
1205,C7H14OH-4J3,2,"InChI=1S/C7H15O/c1-3-5-7(8)6-4-2/h5,7-8H,3-4,6H2,1-2H3"
1206,C7H14OH-1O2-2,2,"InChI=1S/C7H15O3/c1-2-3-4-5-7(6-8)10-9/h7-8H,2-6H2,1H3"
1207,C7H14OH-2O2-1,2,"InChI=1S/C7H15O3/c1-2-3-4-5-7(8)6-10-9/h7-8H,2-6H2,1H3"
1208,C7H14OH-2O2-3,2,"InChI=1S/C7H15O3/c1-3-4-5-7(10-9)6(2)8/h6-8H,3-5H2,1-2H3"
1209,C7H14OH-3O2-2,2,"InChI=1S/C7H15O3/c1-3-4-5-7(8)6(2)10-9/h6-8H,3-5H2,1-2H3"
1210,C7H14OH-3O2-4,2,"InChI=1S/C7H15O3/c1-3-5-7(10-9)6(8)4-2/h6-8H,3-5H2,1-2H3"
1211,C7H14OH-4O2-3,2,"InChI=1S/C7H15O3/c1-3-5-6(8)7(4-2)10-9/h6-8H,3-5H2,1-2H3"
1212,C5D2Y1,1,"InChI=1S/C5H8O/c1-2-3-4-5-6/h3-5H,2H2,1H3"
1213,C5D2Y1-1R,2,"InChI=1S/C5H7O/c1-2-3-4-5-6/h3-4H,2H2,1H3"
1214,C3Y1-3OR,2,"InChI=1S/C3H5O2/c4-2-1-3-5/h2H,1,3H2"
1215,C4Y1-3OR,2,"InChI=1S/C4H7O2/c1-4(6)2-3-5/h3-4H,2H2,1H3"
1216,C6D2Y1,1,"InChI=1S/C6H10O/c1-2-3-4-5-6-7/h4-6H,2-3H2,1H3"
1217,C6D2Y1-1R,2,"InChI=1S/C6H9O/c1-2-3-4-5-6-7/h4-5H,2-3H2,1H3"
1218,H15DE25DM,1,"InChI=1S/C8H14/c1-7(2)5-6-8(3)4/h1,3,5-6H2,2,4H3"
1219,H15DE25DM-S,2,"InChI=1S/C8H13/c1-7(2)5-6-8(3)4/h5H,1,3,6H2,2,4H3"
1220,H15DE25DM-A,2,"InChI=1S/C8H13/c1-7(2)5-6-8(3)4/h1-3,5-6H2,4H3"
1221,H15DE25DM-AO,2,"InChI=1S/C8H13O/c1-7(2)4-5-8(3)6-9/h1,3-6H2,2H3"
1222,H15DE25DM-SO,2,"InChI=1S/C8H13O/c1-6(2)5-8(9)7(3)4/h8H,1,3,5H2,2,4H3"
1223,H15DE2M-T,2,"InChI=1S/C7H11/c1-4-5-6-7(2)3/h1-2,5-6H2,3H3"
1224,IC4H7CHO,1,"InChI=1S/C5H8O/c1-5(2)3-4-6/h4H,1,3H2,2H3"
1225,L-C6H4,1,"InChI=1S/C6H4/c1-3-5-6-4-2/h1-2,5-6H"
1226,C-C6H4,1,"InChI=1S/C6H4/c1-3-5-6-4-2/h1,4H,2H2"
1227,C6H3,2,"InChI=1S/C6H3/c1-3-5-6-4-2/h1-2,5H"
1228,C6H2,1,InChI=1S/C6H2/c1-3-5-6-4-2/h1-2H
1229,C6H6,1,InChI=1S/C6H6/c1-2-4-6-5-3-1/h1-6H
1230,FULVENE,1,"InChI=1S/C6H6/c1-6-4-2-3-5-6/h2-5H,1H2"
1231,C6H5,2,InChI=1S/C6H5/c1-2-4-6-5-3-1/h1-5H
1232,C6H5OO,2,InChI=1S/C6H5O2/c7-8-6-4-2-1-3-5-6/h1-5H
1233,C6H5OOH,1,"InChI=1S/C6H6O2/c7-8-6-4-2-1-3-5-6/h1-5,7H"
1234,C6H5OH,1,"InChI=1S/C6H6O/c7-6-4-2-1-3-5-6/h1-5,7H"
1235,C6H5O,2,InChI=1S/C6H5O/c7-6-4-2-1-3-5-6/h1-5H
1236,C6H4OH,2,"InChI=1S/C6H5O/c7-6-4-2-1-3-5-6/h1-2,4-5,7H"
1237,OC6H4OH,2,"InChI=1S/C6H5O2/c7-5-2-1-3-6(8)4-5/h1-4,7H"
1238,O-C6H4O2,1,InChI=1S/C6H4O2/c7-5-3-1-2-4-6(5)8/h1-4H
1239,P-C6H4O2,1,InChI=1S/C6H4O2/c7-5-1-2-6(8)4-3-5/h1-4H
1240,O-OC6H5OJ,2,InChI=1S/C6H5O2/c7-5-3-1-2-4-6(5)8/h1-5H
1241,P-OC6H5OJ,2,InChI=1S/C6H5O2/c7-5-1-2-6(8)4-3-5/h1-5H
1242,P-C6H3O2,2,InChI=1S/C6H3O2/c7-5-1-2-6(8)4-3-5/h1-3H
1243,C5H6,1,"InChI=1S/C5H6/c1-2-4-5-3-1/h1-4H,5H2"
1244,C5H5,2,InChI=1S/C5H5/c1-2-4-5-3-1/h1-5H
1245,C5H6-L,1,"InChI=1S/C5H6/c1-3-5-4-2/h1,4-5H,2H3"
1246,C#CCVCCJ,2,"InChI=1S/C5H5/c1-3-5-4-2/h1,4-5H,2H2"
1247,C5H7,2,"InChI=1S/C5H7/c1-2-4-5-3-1/h1-3H,4-5H2"
1248,CVCCJCVC,2,"InChI=1S/C5H7/c1-3-5-4-2/h3-5H,1-2H2"
1249,CVCCVCCJ,2,"InChI=1S/C5H7/c1-3-5-4-2/h3-5H,1-2H2"
1250,CVCCJCVCOH,2,"InChI=1S/C5H7O/c1-2-3-4-5-6/h2-6H,1H2"
1251,HOCVCCVO,1,InChI=1S/C3H4O2/c4-2-1-3-5/h1-4H
1252,CVCCVCCOH,1,"InChI=1S/C5H8O/c1-2-3-4-5-6/h2-4,6H,1,5H2"
1253,OC5H7O,2,"InChI=1S/C5H7O2/c6-4-2-1-3-5-7/h2,4-5H,1,3H2"
1254,OC4H6O,1,"InChI=1S/C4H6O2/c5-3-1-2-4-6/h3-4H,1-2H2"
1255,OC4H5O,2,"InChI=1S/C4H5O2/c5-3-1-2-4-6/h3H,1-2H2"
1256,O2CCHOOJ,2,"InChI=1S/C2HO4/c3-1(4)2(5)6/h(H,3,4)"
1257,HOCVCCJVO,2,"InChI=1S/C3H3O2/c4-2-1-3-5/h1-2,4H"
1258,C5H5OH,1,InChI=1S/C5H6O/c6-5-3-1-2-4-5/h1-6H
1259,C5H5O,2,InChI=1S/C5H5O/c6-5-3-1-2-4-5/h1-5H
1260,C5H4OH,2,"InChI=1S/C5H5O/c6-5-3-1-2-4-5/h1-4,6H"
1261,C5H4O,1,InChI=1S/C5H4O/c6-5-3-1-2-4-5/h1-4H
1262,C5H3O,2,InChI=1S/C5H3O/c6-5-3-1-2-4-5/h1-3H
1263,CJVCCVCCVO,2,InChI=1S/C5H5O/c1-2-3-4-5-6/h1-5H
1264,CVCCVCCJVO,2,"InChI=1S/C5H5O/c1-2-3-4-5-6/h2-4H,1H2"
1265,CJVCCVO,2,InChI=1S/C3H3O/c1-2-3-4/h1-3H
